ID,圖檔,分類,備註,限制(EN),原文,EN,JA,KO,SC
lang_3f2f5d9e,,,"Assets/_StripCasino/Scenes/_old/AmericanRoulette_mobile.unity
_CANVAS_/UI/BalancePanel/Balance
language",,餘額,Balance,残高,잔액,余额
lang_01d211e9,,,"Assets/_StripCasino/Scenes/_old/AmericanRoulette_mobile.unity
_CANVAS_/UI/UIpanel/UndoButton/Undo
language",,撤銷,Undo,取り消し,취소,撤销
lang_202f30af,,,"Assets/_StripCasino/Scenes/_old/AmericanRoulette_mobile.unity
_CANVAS_/UI/UIpanel/ClearButton/Clear
language",,清除,Clear,クリア,지우기 ,清除
lang_acb30f6c,,,"Assets/_StripCasino/Scenes/_old/AmericanRoulette_mobile.unity
_CANVAS_/UI/UIpanel/RollButton/Deal
language",,下注,Deal,ディール,딜,下注
lang_29d0beef,,,"Assets/_StripCasino/Scenes/_old/AmericanRoulette_mobile.unity
_CANVAS_/UI/UIpanel/RebetButton/Rebet
language",,重新下注,Rebet,再ベット,재베팅,重新下注
lang_2aed02a0,,,"Assets/_StripCasino/Scenes/_old/AmericanRoulette_mobile.unity
_CANVAS_/Menu/InfoPanel/Panel/Scroll View/Viewport/Content/Info
language",,美式輪盤由一個包含0、00至36共38個口袋的輪盤組成。以下是您可以下注的方式：  單一數字：可以對從0、00至36的任意單個數字下注。賠率為35比1。 分割：可以將籌碼放在任何兩個相鄰數字之間的線上，包括0和00。涵蓋這兩個數字。賠率為17比1。 街注：可以通過將籌碼放在對應行尾的邊界線上來下注連續的三個數字。包括0和00的行。賠率為11比1。 角注：可以將籌碼放在四個數字相交的角上，包括0和00的交點。涵蓋所有四個數字。賠率為8比1。 籃子：下注0、00、1、2和3，將籌碼放在第一行與0和00格子共享的角上。賠率為6比1。 頂線：下注0、00、1、2和3。賠率為6比1。 六線：下注兩個相鄰的街道，將籌碼放在相應的交點上，也包括0和00。賠率為5比1。 列注：從表格的三列數字中選擇一列。每列包含12個數字。賠率為2比1。 打：在桌布上找到的三個打中任意一個下注：第一打（1-12），第二打（13-24），第三打（25-36）。賠率為2比1。 單/雙：所有偶數或所有奇數上下注。不包括0和00。賠率為1比1。 紅/黑：所有紅色或所有黑色數字上下注。不包括0和00。賠率為1比1。 高/低：在低（1-18）或高（19-36）的數字上下注。不包括0和00。賠率為1比1。,"American Roulette features a wheel with 38 pockets, numbered from 0 to 36 with an additional '00' slot. Here's how you can place your bets:  Single Numbers: Bet on any single number from 0 to 36 and 00. Payout is 35 to 1. Split: Place your chip on the line between any two numbers, including 0 and 00. Covers both numbers. Payout is 17 to 1. Street: Bet on three consecutive numbers by placing your chip on the boundary line of the roulette table at the end of the corresponding row. Includes the 0 and 00 rows. Payout is 11 to 1. Corner: Place your chip at the corner where four numbers meet, including the intersections involving 0 and 00. All four numbers are covered. Payout is 8 to 1. Basket: Bet on 0, 00, 1, 2, and 3 by placing a chip on the corner shared by the first line and the 0 and 00 boxes. Payout is 6 to 1. Top Line: Bet on 0, 00, 1, 2, and 3. Payout is 6 to 1. Six Line: Bet on two adjoining streets, placing the chip on the corresponding intersection, also including 0 and 00. Payout is 5 to 1. Columns: Choose from one of the three columns of numbers on the table. Each covers 12 numbers. Payout is 2 to 1. Dozens: Bet on one of the three dozen found on the layout of the table: 1st 12, 2nd 12, 3rd 12. Payout is 2 to 1. Even/Odd: Bet on all even numbers or all odd numbers. Does not include 0 or 00. Payout is 1 to 1. Red/Black: Bet on either all red numbers or all black numbers. Does not include 0 or 00. Payout is 1 to 1. High/Low: Bet on either low (1-18) or high (19-36) numbers. Does not include 0 or 00. Payout is 1 to 1.",アメリカンルーレットは0、00から36までの数字が付いた38のポケットを持つホイールで構成されています。賭け方は以下の通りです：  シングルナンバー：0、00から36までの任意の単一数字に賭けます。配当は35対1です。 スプリット：0と00を含む任意の2つの数字の間の線上にチップを置きます。両方の数字をカバーします。配当は17対1です。 ストリート：連続する3つの数字に賭けるには、対応する行の終わりにあるルーレットテーブルの境界線上にチップを置きます。0と00の行を含みます。配当は11対1です。 コーナー：0と00を含む4つの数字が交わる角にチップを置きます。4つの数字すべてがカバーされます。配当は8対1です。 バスケット：0、00、1、2、3に賭けるには、最初の行と0及び00のボックスが共有する角にチップを置きます。配当は6対1です。 トップライン：0、00、1、2、3に賭けます。配当は6対1です。 シックスライン：隣接する2つのストリートに賭け、対応する交差点にチップを置きます。0と00も含まれます。配当は5対1です。 カラム：テーブル上の数字の3つのカラムのいずれかを選びます。各カラムは12の数字をカバーします。配当は2対1です。 ダース：テーブルのレイアウトにある3つのダースのいずれかに賭けます：第1ダース（1-12）、第2ダース（13-24）、第3ダース（25-36）。配当は2対1です。 イーブン/オッド：すべての偶数または奇数に賭けます。0と00は含まれません。配当は1対1です。 レッド/ブラック：すべての赤または黒の数字に賭けます。0と00は含まれません。配当は1対1です。 ハイ/ロー：低（1-18）または高（19-36）の数字に賭けます。0と00は含まれません。配当は1対1です。,"미국식 룰렛은 0, 00부터 36까지 번호가 매겨진 38개의 포켓으로 구성된 룰렛 휠을 특징으로 합니다. 베팅 방법은 다음과 같습니다:  단일 번호: 0, 00부터 36까지의 어느 하나의 숫자에 베팅합니다. 배당률은 35대 1입니다. 분할: 두 숫자 사이의 선 위에 칩을 놓습니다. 배당률은 17대 1입니다. 스트리트: 룰렛 테이블의 해당 행 끝의 경계선 위에 칩을 놓고 세 개의 연속 숫자에 베팅합니다. 배당률은 11대 1입니다. 코너: 네 숫자가 만나는 모서리에 칩을 놓습니다. 배당률은 8대 1입니다. 바스켓: 0, 00, 1, 2, 3에 베팅하며, 첫 번째 줄과 0 및 00 박스가 공유하는 코너에 칩을 놓습니다. 배당률은 6대 1입니다. 탑 라인: 0, 00, 1, 2, 3에 베팅합니다. 배당률은 6대 1입니다. 식스 라인: 두 개의 인접한 거리에 베팅하고, 해당 교차점에 칩을 놓습니다. 배당률은 5대 1입니다. 칼럼: 테이블에 있는 숫자의 세 칼럼 중 하나를 선택합니다. 각 칼럼은 12개의 숫자를 포함합니다. 배당률은 2대 1입니다. 더즌: 테이블 레이아웃에 있는 세 더즌 중 하나에 베팅합니다: 1st 12 (1-12), 2nd 12 (13-24), 3rd 12 (25-36). 배당률은 2대 1입니다. 홀/짝: 모든 짝수 또는 홀수에 베팅합니다. 0과 00은 포함되지 않습니다. 배당률은 1대 1입니다. 레드/블랙: 모든 빨간색 또는 검은색 번호에 베팅합니다. 0과 00은 포함되지 않습니다. 배당률은 1대 1입니다. 하이/로우: 낮은 (1-18) 또는 높은 (19-36) 숫자에 베팅합니다. 0과 00은 포함되지 않습니다. 배당률은 1대 1입니다. 이러한 설명은 게임의 모든 베팅 옵션과 그에 따른 배당률을 자세히 설명하여, 룰렛에 익숙하지 않은 플레이어도 게임을 이해할 수 있도록 도와줍니다.",美式轮盘由一个包含0、00到36共38个口袋的轮盘组成。以下是您可以下注的方式：  单一数字：可以对从0、00到36的任意单个数字下注。赔率为35比1。 分割：可以将筹码放在任何两个相邻数字之间的线上，包括0和00。涵盖这两个数字。赔率为17比1。 街注：可以通过将筹码放在对应行尾的边界线上来下注连续的三个数字。包括0和00的行。赔率为11比1。 角注：可以将筹码放在四个数字相交的角上，包括0和00的交点。涵盖所有四个数字。赔率为8比1。 篮子：下注0、00、1、2和3，将筹码放在第一行与0和00格子共享的角上。赔率为6比1。 顶线：下注0、00、1、2和3。赔率为6比1。 六线：下注两个相邻的街道，将筹码放在相应的交点上，也包括0和00。赔率为5比1。 列注：从表格的三列数字中选择一列。每列包含12个数字。赔率为2比1。 打：在桌布上找到的三个打中任意一个下注：第一打（1-12），第二打（13-24），第三打（25-36）。赔率为2比1。 单/双：所有偶数或所有奇数上下注。不包括0和00。赔率为1比1。 红/黑：所有红色或所有黑色数字上下注。不包括0和00。赔率为1比1。 高/低：在低（1-18）或高（19-36）的数字上下注。不包括0和00。赔率为1比1。
lang_d8711024,,,"Assets/_StripCasino/Scenes/_old/AmericanRoulette_mobile.unity
_CANVAS_/Menu/InfoPanel/Panel/Info
language",,玩法介绍,Gameplay Introduction,プレイ方法の紹介,게임 방법 소개,玩法介绍
lang_44c58fd5,,,"Assets/_StripCasino/Scenes/_old/BaccaratMobile.unity
__OLVERLAY__CANVAS__/BalancePanel/Balance
language",,餘額,Balance,残高,잔액,余额
lang_cfd12450,,,"Assets/_StripCasino/Scenes/_old/BaccaratMobile.unity
__OLVERLAY__CANVAS__/MainPanel/Buttons/Deal_Button/Deal
language",,下注,Deal,ディール,딜,下注
lang_ca0cc50a,,,"Assets/_StripCasino/Scenes/_old/BaccaratMobile.unity
__OLVERLAY__CANVAS__/MainPanel/Buttons/Clear_Button/Clear
language",,清除,Clear,クリア,지우기 ,清除
lang_67faf04c,,,"Assets/_StripCasino/Scenes/_old/BaccaratMobile.unity
__OLVERLAY__CANVAS__/MainPanel/Buttons/Rebet_Button/Rebet
language",,重新下注,Rebet,再ベット,재베팅,重新下注
lang_677ef6b8,,,"Assets/_StripCasino/Scenes/_old/BaccaratMobile.unity
__OLVERLAY__CANVAS__/MainPanel/Buttons/Undo_Button/Undo
language",,撤銷,Undo,取り消し,취소,撤销
lang_f2eed2ea,,,"Assets/_StripCasino/Scenes/_old/BaccaratMobile.unity
__OLVERLAY__CANVAS__/InfoPanel/Panel/Scroll View/Viewport/Content/Info_Baccarat
language",,百家樂遊戲步驟和投注選項：  發牌：莊家和閒家各發兩張牌。 閒家規則：閒家首兩張牌點數總和為0-5時，需要再抓一張牌。如果是6或7，閒家停牌。 莊家規則：莊家是否抓牌遵循一套更複雜的規則，這取決於閒家的牌和莊家的初始點數。 賠率： 閒家贏：賠率為1:1。 莊家贏：賠率為0.95:1（向賭場支付5%的傭金）。 和局：通常賠率為8:1。,"Baccarat Game Steps and Betting Options:  Deal: Two cards are dealt to both the Player and the Banker. Player's Rule: If the Player has an initial total of 0-5, they draw a third card. If the total is 6 or 7, they stand. Banker's Rule: Banker draws a third card based on a more complicated set of rules, which depends on the Player's cards and Banker's initial total. Outcomes: Player Wins: Pays 1:1. Banker Wins: Pays 0.95:1 (5% commission to the house). Tie: Typically pays 8:1.",バカラのゲーム手順とベッティングオプション：  ディール：プレイヤーとバンカーの両方に2枚のカードが配られます。 プレイヤーのルール：プレイヤーの初期合計が0-5の場合、第三カードを引きます。合計が6または7の場合、スタンドします。 バンカーのルール：バンカーはもう少し複雑な一連のルールに基づいて第三カードを引きます。これはプレイヤーのカードとバンカーの初期合計に依存します。 結果： プレイヤー勝利：1:1で支払われます。 バンカー勝利：0.95:1で支払われます（5％の手数料が家に行きます）。 タイ：通常は8:1で支払われます。,바카라 게임 절차 및 베팅 옵션:  딜 : 플레이어와 뱅커 모두에게 두 장의 카드가 돌아갑니다. 플레이어의 룰 : 플레이어가 처음에 0-5의 합계를 가지고 있으면 세 번째 카드를 뽑습니다. 6 또는 7이면 스탠드합니다. 뱅커의 룰 : 뱅커는 플레이어의 카드와 뱅커의 초기 합계에 따라 좀 더 복잡한 일련의 규칙을 기반으로 세 번째 카드를 뽑습니다. 지급률 : 플레이어 승리 : 1:1로 지급합니다. 뱅커 승리 : 0.95:1로 지급합니다 (집에 5% 수수료를 줍니다). 타이 : 일반적으로 8:1로 지급합니다.,百家乐游戏步骤和投注选项：  发牌：庄家和闲家各发两张牌。 闲家规则：闲家首两张牌点数总和为0-5时，需要再抓一张牌。如果是6或7，闲家停牌。 庄家规则：庄家是否抓牌遵循一套更复杂的规则，这取决于闲家的牌和庄家的初始点数。 赔率： 闲家赢：赔率为1:1。 庄家赢：赔率为0.95:1（向赌场支付5%的佣金）。 和局：通常赔率为8:1。
lang_487aa081,,,"Assets/_StripCasino/Scenes/_old/BaccaratMobile.unity
__OLVERLAY__CANVAS__/InfoPanel/Panel/Scroll View/Viewport/Content/Info_DragonTiger
language",,龍虎鬥遊戲步驟和投注選項：  發牌：龍和虎各發一張牌。 目標：玩家下注哪一方點數更高，龍或虎，或者結果為和局。 規則：遊戲中不再額外發牌。遊戲結果由各方獲得的單張牌決定。 結果： 龍贏：賠率為1:1。 虎贏：賠率為1:1。 和局：通常賠率為8:1或11:1，具體取決於賭場規則。,"Dragon Tiger Game Steps and Betting Options:  Deal: One card each is dealt to the Dragon and the Tiger. Objective: Players bet on which will be higher, the Dragon or the Tiger, or if the result will be a tie. Rules: No additional cards are drawn. The game is determined by a single card dealt to each side. Outcomes: Dragon Wins: Pays 1:1. Tiger Wins: Pays 1:1. Tie: Typically pays 8:1 or 11:1, depending on house rules.",ドラゴンタイガーのゲーム手順とベッティングオプション：  ディール：ドラゴンとタイガーのそれぞれに1枚のカードが配られます。 目的：プレイヤーはドラゴンとタイガーのどちらが高いか、または結果がタイになるかを賭けます。 ルール：追加カードは引かれません。各側に配られた1枚のカードでゲームが決定されます。 結果： ドラゴン勝利：1:1で支払われます。 タイガー勝利：1:1で支払われます。 タイ：通常は8:1または11:1で支払われますが、ハウスルールによります。,"드래곤 타이거 게임 절차 및 베팅 옵션:  딜 : 드래곤과 타이거 각각에게 한 장의 카드가 돌아갑니다. 목표 : 플레이어는 드래곤과 타이거 중 어느 쪽이 더 높을지, 또는 결과가 무승부가 될지에 베팅합니다. 규칙 : 추가 카드는 뽑지 않습니다. 각 측에 딜된 단 한 장의 카드로 게임이 결정됩니다. 결과 : 드래곤 승리 : 1:1로 지급됩니다. 타이거 승리 : 1:1로 지급됩니다. 무승부 : 일반적으로 8:1 또는 11:1로 지급되며, 하우스 룰에 따라 다릅니다.",龙虎斗游戏步骤和投注选项：  发牌：龙和虎各发一张牌。 目标：玩家下注哪一方点数更高，龙或虎，或者结果为和局。 规则：游戏中不再额外发牌。游戏结果由各方获得的单张牌决定。 结果： 龙赢：赔率为1:1。 虎赢：赔率为1:1。 和局：通常赔率为8:1或11:1，具体取决于赌场规则。
lang_4b52f9b9,,,"Assets/_StripCasino/Scenes/_old/BaccaratMobile.unity
__OLVERLAY__CANVAS__/InfoPanel/Panel/Scroll View/Viewport/Content/Info_Sicbo
language",,大小遊戲概覽：  遊戲玩法：玩家押注三個骰子的點數總和為「小」（4-10點）或「大」（11-17點）。 規則：擲三個骰子。如果點數總和落在押注範圍內，則玩家贏。 賠率：贏的賭注通常賠率為1:1。注意：3點或18點的總和通常不包括在投注選項中，押注將輸。,"Big and Small Game Overview:  Gameplay: Players bet on the total of three dice being ""Small"" (4-10) or ""Big"" (11-17). Rules: Three dice are rolled. If the total falls within the bet range, the player wins. Payouts: Winning bets typically pay 1:1. Note: Total of 3 or 18 are usually not included in the betting options and result in a loss.",ビッグアンドスモールゲーム概要：  ゲームプレイ：プレイヤーは3つのサイコロの合計が「スモール」（4-10）または「ビッグ」（11-17）になるかを賭けます。 ルール：3つのサイコロが振られます。合計が賭け範囲内であれば、プレイヤーが勝ちます。 配当：勝利した賭けは通常1:1で支払われます。注意：3または18の合計は通常の賭けオプションに含まれず、敗北となります。,"빅 앤드 스몰 게임 개요:  게임플레이: 플레이어는 세 개의 주사위 합계가 ""스몰""(4-10) 또는 ""빅""(11-17)이 될 것인지에 대해 베팅합니다. 규칙: 세 개의 주사위가 굴러갑니다. 합계가 베팅 범위 내에 있으면 플레이어가 승리합니다. 지급률: 승리 베팅은 일반적으로 1:1로 지급됩니다. 주의: 3 또는 18의 합계는 일반적으로 베팅 옵션에 포함되지 않으며 베팅이 패배합니다.",大小游戏概览：  游戏玩法：玩家押注三个骰子的点数总和为“小”（4-10点）或“大”（11-17点）。 规则：掷三个骰子。如果点数总和落在押注范围内，则玩家赢。 赔率：赢的赌注通常赔率为1:1。注意：3点或18点的总和通常不包括在投注选项中，押注将输。
lang_03a1dc68,,,"Assets/_StripCasino/Scenes/_old/BaccaratMobile.unity
__OLVERLAY__CANVAS__/InfoPanel/Panel/Scroll View/Viewport/Content/Info_ChoHan
language",,丁半遊戲概覽：  遊戲玩法: 玩家押注擲出的骰子點數總和是奇數還是偶數。 規則: 擲一枚或多枚骰子。如果點數總和與押注（奇數或偶數）相匹配，玩家贏。 賠率: 贏的賭注通常賠率為1:1。,"Odd or Even Game Overview:  Gameplay: Players bet on whether the total sum of the dice rolled will be odd or even. Rules: One or more dice are rolled. If the total matches the bet (odd or even), the player wins. Payouts: Winning bets usually pay 1:1.",オッズ・オア・イーブン（奇数または偶数）ゲーム概要：  ゲームプレイ: プレイヤーは、サイコロの合計が奇数または偶数のどちらになるかを賭けます。 ルール: 一つ以上のサイコロが振られます。合計が賭け（奇数または偶数）に合致する場合、プレイヤーが勝ちます。 配当: 勝利した賭けは通常1:1で支払われます。,홀짝 게임 개요:  게임플레이: 플레이어는 주사위를 굴려 나온 합계가 홀수인지 짝수인지에 베팅합니다. 규칙: 하나 이상의 주사위가 굴려집니다. 합계가 베팅(홀수 또는 짝수)과 일치하면 플레이어가 승리합니다. 지급률: 승리 베팅은 일반적으로 1:1로 지급됩니다.,丁半游戏概览：  游戏玩法: 玩家押注掷出的骰子点数总和是奇数还是偶数。 规则: 掷一枚或多枚骰子。如果点数总和与押注（奇数或偶数）相匹配，玩家赢。 赔率: 赢的赌注通常赔率为1:1。
lang_512732cc,,,"Assets/_StripCasino/Scenes/_old/BaccaratMobile.unity
__OLVERLAY__CANVAS__/InfoPanel/Panel/Scroll View/Viewport/Content/Info_Craps
language",,花旗骰遊戲概覽：  遊戲玩法: 玩家押注兩個骰子擲出的結果。 初始擲骰：投注輪的第一次擲骰。如果擲出7或11（自然點），押注「通行線」的玩家贏。如果擲出2、3或12（爛點），「通行線」的押注輸。 點數階段：如果初始擲骰是4、5、6、8、9或10，該數字成為「點數」。擲骰手繼續擲骰，直到他們再次擲出點數（「通行線」押注贏）或擲出7（「通行線」押注輸）。 投注選項：包括通行線、不通行線、來、不來、賠率、位置、區域和各種命題投注。 賠率：根據押注的不同而變化，單次擲骰的賭注通常提供更高的賠率。,"Craps Game Overview:  Gameplay: Players bet on the outcome of the roll of two dice. Come Out Roll: The first roll of the dice in a betting round. If the roll is 7 or 11 (Natural), players betting the Pass line win. If the roll is 2, 3, or 12 (Craps), Pass line bets lose. Point Phase: If the come out roll is 4, 5, 6, 8, 9, or 10, that number becomes the ""point"". The shooter continues to roll the dice until they roll the point number again (winning Pass line bets) or a 7 (losing Pass line bets). Betting Options: Include Pass Line, Don't Pass, Come, Don't Come, Odds, Place, Field, and various proposition bets. Payouts: Vary depending on the bet, with single-roll bets often offering higher payouts.",クラップスゲーム概要：  ゲームプレイ: プレイヤーは2つのサイコロのロールの結果に賭けます。 カムアウトロール: ベッティングラウンドの最初のサイコロのロールです。7または11（ナチュラル）が出ると、パスラインに賭けたプレイヤーが勝ちます。2、3、または12（クラップス）が出ると、パスラインの賭けは負けます。 ポイントフェーズ: カムアウトロールが4、5、6、8、9、または10の場合、その数値が「ポイント」となります。シューターはポイント数を再度ロールする（パスラインの賭けが勝つ）か、7をロールする（パスラインの賭けが負ける）までサイコロを続けてロールします。 ベッティングオプション: パスライン、ドントパス、カム、ドントカム、オッズ、プレース、フィールド、各種プロポジションベットなどが含まれます。 配当: 賭けによって異なり、シングルロールベットはしばしば高い配当を提供します。,"크랩스 게임 개요:  게임플레이: 플레이어는 두 개의 주사위가 굴러간 결과에 베팅합니다. 컴 아웃 롤: 베팅 라운드의 첫 주사위 롤입니다. 7이나 11(내추럴)을 굴리면 패스 라인에 베팅한 플레이어가 승리합니다. 2, 3, 또는 12(크랩스)가 나오면 패스 라인 베팅은 패배합니다. 포인트 페이즈: 컴 아웃 롤이 4, 5, 6, 8, 9, 또는 10인 경우, 그 숫자가 ""포인트""가 됩니다. 슈터는 포인트 숫자를 다시 굴려서 (패스 라인 베팅이 승리) 또는 7을 굴려서 (패스 라인 베팅이 패배)까지 계속 주사위를 굴립니다. 베팅 옵션: 패스 라인, 돈트 패스, 컴, 돈트 컴, 오즈, 플레이스, 필드 및 다양한 프로포지션 베팅을 포함합니다. 지급률: 베팅에 따라 다양하며, 단일 롤 베팅은 종종 더 높은 지급률을 제공합니다.",花旗骰游戏概览：  游戏玩法: 玩家押注两个骰子掷出的结果。 初始掷骰：投注轮的第一次掷骰。如果掷出7或11（自然点），押注“通行线”的玩家赢。如果掷出2、3或12（烂点），“通行线”的押注输。 点数阶段：如果初始掷骰是4、5、6、8、9或10，该数字成为“点数”。掷骰手继续掷骰，直到他们再次掷出点数（“通行线”押注赢）或掷出7（“通行线”押注输）。 投注选项：包括通行线、不通行线、来、不来、赔率、位置、区域和各种命题投注。 赔率：根据押注的不同而变化，单次掷骰的赌注通常提供更高的赔率。
lang_064ac49a,,,"Assets/_StripCasino/Scenes/_old/BaccaratMobile.unity
__OLVERLAY__CANVAS__/InfoPanel/Panel/Info
language",,玩法介绍,Gameplay Introduction,プレイ方法の紹介,게임 방법 소개,玩法介绍
lang_68a7f6f4,,,"Assets/_StripCasino/Scenes/_old/BaccaratMobile.unity
_Cloth_/BetSpaces/DragonTiger_BetSpace/Canvas/Dragon
language",,龍,Dragon,ドラゴン,드래곤,龙
lang_a21044eb,,,"Assets/_StripCasino/Scenes/_old/BaccaratMobile.unity
_Cloth_/BetSpaces/DragonTiger_BetSpace/Canvas/Dragon_Button
language",,龍,Dragon,ドラゴン,드래곤,龙
lang_c42043a6,,,"Assets/_StripCasino/Scenes/_old/BaccaratMobile.unity
_Cloth_/BetSpaces/DragonTiger_BetSpace/Canvas/Tiger
language",,虎,Tiger,タイガー,타이거,虎
lang_81aeb3a9,,,"Assets/_StripCasino/Scenes/_old/BaccaratMobile.unity
_Cloth_/BetSpaces/DragonTiger_BetSpace/Canvas/Tiger_Button
language",,虎,Tiger,タイガー,타이거,虎
lang_f7317718,,,"Assets/_StripCasino/Scenes/_old/BaccaratMobile.unity
_Cloth_/BetSpaces/DragonTiger_BetSpace/Canvas/Tie_Button
language",,和局,TIE,引き分け,무승부,和局
lang_93ba218f,,,"Assets/_StripCasino/Scenes/_old/BaccaratMobile.unity
_Cloth_/BetSpaces/Baccarat_BetSpace/Canvas/Player
language",,閒家,Player,プレイヤー,플레이어,闲家
lang_a3445922,,,"Assets/_StripCasino/Scenes/_old/BaccaratMobile.unity
_Cloth_/BetSpaces/Baccarat_BetSpace/Canvas/Player_Button
language",,閒家,Player,プレイヤー,플레이어,闲家
lang_09d4efc7,,,"Assets/_StripCasino/Scenes/_old/BaccaratMobile.unity
_Cloth_/BetSpaces/Baccarat_BetSpace/Canvas/Banker
language",,莊家,Banker,バンカー,뱅커,庄家
lang_cbaba2fa,,,"Assets/_StripCasino/Scenes/_old/BaccaratMobile.unity
_Cloth_/BetSpaces/Baccarat_BetSpace/Canvas/Banker_Button
language",,莊家,Banker,バンカー,뱅커,庄家
lang_039c3429,,,"Assets/_StripCasino/Scenes/_old/BaccaratMobile.unity
_Cloth_/BetSpaces/Baccarat_BetSpace/Canvas/Tie_Button
language",,和局,TIE,引き分け,무승부,和局
lang_04d6daad,,,"Assets/_StripCasino/Scenes/_old/BaccaratMobile.unity
_Cloth_/BetSpaces/SicBo_BetSpace/Canvas/Small_Button
language",,小,Small,小,작은,小
lang_cd121f08,,,"Assets/_StripCasino/Scenes/_old/BaccaratMobile.unity
_Cloth_/BetSpaces/SicBo_BetSpace/Canvas/Big_Button
language",,大,Big,大,큰,大
lang_bdf4b290,,,"Assets/_StripCasino/Scenes/_old/BaccaratMobile.unity
_Cloth_/BetSpaces/SicBo_BetSpace/Canvas/Tie_Button
language",,豹子,Triple,トリプル,트리플,豹子
lang_2e347bb0,,,"Assets/_StripCasino/Scenes/_old/BaccaratMobile.unity
_Cloth_/BetSpaces/ChoHan_BetSpace/Canvas/Odd_Button
language",,單,Odd,奇数,홀수,单
lang_e136d8c9,,,"Assets/_StripCasino/Scenes/_old/BaccaratMobile.unity
_Cloth_/BetSpaces/ChoHan_BetSpace/Canvas/Even_Button
language",,雙,Even,偶数,짝수,双
lang_7b1dd7a6,,,"Assets/_StripCasino/Scenes/_old/BaccaratMobile.unity
_Cloth_/BetSpaces/Craps_BetSpace/Canvas/Small_Button
language",,小,Small,小,작은,小
lang_b5dd2707,,,"Assets/_StripCasino/Scenes/_old/BaccaratMobile.unity
_Cloth_/BetSpaces/Craps_BetSpace/Canvas/Big_Button
language",,大,Big,大,큰,大
lang_43d7146f,,,"Assets/_StripCasino/Scenes/_old/BaccaratMobile.unity
_Cloth_/BetSpaces/Craps_BetSpace/Canvas/Tie_Button
language",,和局,TIE,引き分け,무승부,和局
lang_01f42d43,,,"Assets/_StripCasino/Scenes/_old/EuropeanRoulette_mobile.unity
_CANVAS_/UI/BalancePanel/Balance
language",,餘額,Balance,残高,잔액,余额
lang_6fe8d766,,,"Assets/_StripCasino/Scenes/_old/EuropeanRoulette_mobile.unity
_CANVAS_/UI/UIpanel/UndoButton/Undo
language",,撤銷,Undo,取り消し,취소,撤销
lang_3edddf10,,,"Assets/_StripCasino/Scenes/_old/EuropeanRoulette_mobile.unity
_CANVAS_/UI/UIpanel/ClearButton/Clear
language",,清除,Clear,クリア,지우기 ,清除
lang_15954d97,,,"Assets/_StripCasino/Scenes/_old/EuropeanRoulette_mobile.unity
_CANVAS_/UI/UIpanel/RollButton/Deal
language",,下注,Deal,ディール,딜,下注
lang_9c0f17b0,,,"Assets/_StripCasino/Scenes/_old/EuropeanRoulette_mobile.unity
_CANVAS_/UI/UIpanel/RebetButton/Rebet
language",,重新下注,Rebet,再ベット,재베팅,重新下注
lang_b6238c27,,,"Assets/_StripCasino/Scenes/_old/EuropeanRoulette_mobile.unity
_CANVAS_/Menu/InfoPanel/Panel/Scroll View/Viewport/Content/Info
language",,歐式輪盤由一個有37個口袋的輪盤組成，編號從0到36。以下是您可以下注的方式：  單一數字：在任意單一的數字0到36上下注。賠率為35比1。 分割：將籌碼放在任意兩個垂直或水平相鄰數字之間的線上。涵蓋這兩個數字。賠率為17比1。 街注：通過將籌碼放在輪盤表的對應行的邊界線上來對連續的三個數字下注。賠率為11比1。 角注：將籌碼放在四個數字相交的角上。涵蓋所有四個數字。賠率為8比1。 六線：對兩個相鄰的街道下注，將籌碼放在相應的交點上。賠率為5比1。 列注：從表上的三列數字中選擇一列。每列涵蓋12個數字。賠率為2比1。 打：在表格布局中找到的三個打中的任何一個下注：第一打（1-12），第二打（13-24），第三打（25-36）。賠率為2比1。 單/雙：在所有偶數或所有奇數上下注。不包括零。賠率為1比1。 紅/黑：在所有紅色或所有黑色數字上下注。賠率為1比1。 高/低：在低（1-18）或高（19-36）的數字上下注。賠率為1比1。,"European Roulette consists of a wheel with 37 pockets numbered from 0 to 36. Here's how you can place your bets:  Single Numbers: Bet on any single number from 0 to 36. Payout is 35 to 1. Split: Place your chip on the line between any two numbers, vertical or horizontal. Covers both numbers. Payout is 17 to 1. Street: Bet on three consecutive numbers by placing your chip on the boundary line of the roulette table at the end of the corresponding row. Payout is 11 to 1. Square or Corner: Place your chip at the corner where four numbers meet. All four numbers are covered. Payout is 8 to 1. Six Line: Bet on two adjoining streets, placing the chip on the corresponding intersection. Payout is 5 to 1. Columns: Choose from one of the three columns of numbers on the table. Each covers 12 numbers. Payout is 2 to 1. Dozens: Bet on one of the three dozen that are found on the layout of the table: 1st 12 (1-12), 2nd 12 (13-24), 3rd 12 (25-36). Payout is 2 to 1. Even/Odd: Bet on all even numbers or all odd numbers. Does not include zero. Payout is 1 to 1. Red/Black: Bet on either all red numbers or all black numbers. Payout is 1 to 1. High/Low: Bet on either low (1-18) or high (19-36) numbers. Payout is 1 to 1.",ヨーロピアンルーレットは0から36までの数字が割り当てられた37のポケットを持つホイールで構成されています。賭け方は以下の通りです：  シングルナンバー：0から36までの任意の単一数字に賭けます。配当は35対1です。 スプリット：縦または横に隣接する任意の2つの数字の間の線上にチップを置きます。両方の数字をカバーします。配当は17対1です。 ストリート：連続する3つの数字に賭けるには、対応する行の終わりにあるルーレットテーブルの境界線上にチップを置きます。配当は11対1です。 スクエアまたはコーナー：4つの数字が交わる角にチップを置きます。4つの数字すべてがカバーされます。配当は8対1です。 シックスライン：隣接する2つのストリートに賭け、対応する交差点にチップを置きます。配当は5対1です。 カラム：テーブル上の数字の3つのカラムのいずれかを選びます。各カラムは12の数字をカバーします。配当は2対1です。 ダース：テーブルのレイアウトにある3つのダースのいずれかに賭けます：第1ダース（1-12）、第2ダース（13-24）、第3ダース（25-36）。配当は2対1です。 イーブン/オッド：すべての偶数または奇数に賭けます。ゼロは含まれません。配当は1対1です。 レッド/ブラック：すべての赤または黒の数字に賭けます。配当は1対1です。 ハイ/ロー：低（1-18）または高（19-36）の数字に賭けます。配当は1対1です。,"유럽식 룰렛은 0부터 36까지 번호가 매겨진 37개의 포켓으로 구성된 룰렛 휠을 특징으로 합니다. 베팅 방법은 다음과 같습니다:  단일 번호: 0에서 36까지의 어느 하나의 숫자에 베팅합니다. 배당률은 35대 1입니다. 분할: 두 숫자 사이의 선 위에 칩을 놓습니다. 배당률은 17대 1입니다. 스트리트: 룰렛 테이블의 해당 행 끝의 경계선 위에 칩을 놓고 세 개의 연속 숫자에 베팅합니다. 배당률은 11대 1입니다. 스퀘어 또는 코너: 네 숫자가 만나는 모서리에 칩을 놓습니다. 배당률은 8대 1입니다. 식스 라인: 두 개의 인접한 거리에 베팅하고, 해당 교차점에 칩을 놓습니다. 배당률은 5대 1입니다. 칼럼: 테이블에 있는 숫자의 세 칼럼 중 하나를 선택합니다. 각 칼럼은 12개의 숫자를 포함합니다. 배당률은 2대 1입니다. 더즌: 테이블 레이아웃에 있는 세 더즌 중 하나에 베팅합니다: 1st 12 (1-12), 2nd 12 (13-24), 3rd 12 (25-36). 배당률은 2대 1입니다. 홀/짝: 모든 짝수 또는 홀수에 베팅합니다. 제로는 포함되지 않습니다. 배당률은 1대 1입니다. 레드/블랙: 모든 빨간색 또는 검은색 번호에 베팅합니다. 배당률은 1대 1입니다. 하이/로우: 낮은 (1-18) 또는 높은 (19-36) 숫자에 베팅합니다. 배당률은 1대 1입니다.",欧式轮盘由一个有37个口袋的轮盘组成，编号从0到36。下面是你可以下注的方式：  单一数字：在任意单一的数字0到36上下注。赔率为35比1。 分割：将筹码放在任意两个垂直或水平相邻数字之间的线上。涵盖这两个数字。赔率为17比1。 街注：通过将筹码放在轮盘表的对应行的边界线上来对连续的三个数字下注。赔率为11比1。 角注：将筹码放在四个数字相交的角上。涵盖所有四个数字。赔率为8比1。 六线：对两个相邻的街道下注，将筹码放在相应的交点上。赔率为5比1。 列注：从表上的三列数字中选择一列。每列涵盖12个数字。赔率为2比1。 打：在表格布局中找到的三个打中的任何一个下注：第一打（1-12），第二打（13-24），第三打（25-36）。赔率为2比1。 单/双：在所有偶数或所有奇数上下注。不包括零。赔率为1比1。 红/黑：在所有红色或所有黑色数字上下注。赔率为1比1。 高/低：在低（1-18）或高（19-36）的数字上下注。赔率为1比1。
lang_34d64351,,,"Assets/_StripCasino/Scenes/_old/EuropeanRoulette_mobile.unity
_CANVAS_/Menu/InfoPanel/Panel/Info
language",,玩法介绍,Gameplay Introduction,プレイ方法の紹介,게임 방법 소개,玩法介绍
lang_07553c4e,,,"Assets/_StripCasino/Scenes/BarCounter.unity
Canvas/Table/Shop/Introduce
language",,黑市商人,SHOP,闇商人,암상인,黑市商人
lang_1ff94d0c,,,"Assets/_StripCasino/Scenes/BarCounter.unity
Canvas/Table/Recipe/Introduce
language",,升級酒館,Upgrade Tavern,酒場拡張,주점업그레이드,升级酒馆
lang_909af852,,,"Assets/_StripCasino/Scenes/BarCounter.unity
Canvas/Table/DailyBonus/Introduce
language",,每日獎勵,Daily Bonus,デイリー報酬,일일 보상,每日奖励
lang_5ab78ab8,,,"Assets/_StripCasino/Scenes/BarCounter.unity
Canvas/Table/Work/GuestPanel/Diagol_0/Text
language",,隨便來點什麼就好啦,"Just give me anything, it's fine",適当にちょっとでいいよ,아무거나 대충 줘도 돼,随便来点啥就行
lang_a75858ef,,,"Assets/_StripCasino/Scenes/BarCounter.unity
Canvas/Table/Work/GuestPanel/Diagol_1/Text
language",,給我一份龍焰酒,I'll have a Dragonflame Ale,ドラゴンフレイム酒 をひとつくれ,드래곤플레임 에일 하나 줘,给我一份龙焰酒
lang_7fecf9d6,,,"Assets/_StripCasino/Scenes/BarCounter.unity
Canvas/Table/Work/GuestPanel/Diagol_2/Text
language",,給我一份魔女之吻,I'll have a Witch's Kiss,魔女のキス をひとつくれ,마녀의 입맞춤 하나 줘,给我一份魔女之吻
lang_d6eabb3d,,,"Assets/_StripCasino/Scenes/BarCounter.unity
Canvas/Table/Work/GuestPanel/Diagol_3/Text
language",,給我一份精靈樹蜜酒,I'll have an Elven Nectar,エルフの蜜酒 をひとつくれ,엘프의 꿀술 하나 줘,给我一份精灵树蜜酒
lang_0c206f64,,,"Assets/_StripCasino/Scenes/BarCounter.unity
Canvas/Table/Work/GuestPanel/Diagol_4/Text
language",,給我一杯冰結之息,I'll take a Breath of Frost,氷結の吐息 をひとつくれ,프로스트 브레스 하나 줘,给我一杯冰结之息
lang_09e4c97b,,,"Assets/_StripCasino/Scenes/BarCounter.unity
Canvas/Table/Work/GuestPanel/Diagol_5/Text
language",,給我一杯秘法紅石酒,I'll have an Arcana Ruby,アルカナ・ルビー をひとつくれ,아르카나 루비 하나 줘,给我一杯秘法红石酒
lang_f2611b22,,,"Assets/_StripCasino/Scenes/BarCounter.unity
Canvas/Table/Work/GuestPanel/Diagol_6/Text
language",,給我一杯霧花酒,I'll take a Misty Bloom,ミスティ・ブルーム をひとつくれ,미스티 블룸 하나 줘,给我一杯雾花酒
lang_2a719e69,,,"Assets/_StripCasino/Scenes/BarCounter.unity
Canvas/Table/Work/GuestPanel/Diagol_7/Text
language",,給我一杯狼毒酒,Give me a Wolfbane Brew,ウルフベイン酒 をひとつくれ,울프베인 술 하나 줘,给我一杯狼毒酒
lang_ed34a950,,,"Assets/_StripCasino/Scenes/BarCounter.unity
Canvas/Table/Work/GuestPanel/Diagol_8/Text
language",,給我來一杯太陽果皮酒,Give me a glass of Sun Peel Wine,太陽の果皮酒を一杯ちょうだい,태양 과피주 한 잔 주세요,给我来一杯太阳果皮酒
lang_a15324a7,,,"Assets/_StripCasino/Scenes/BarCounter.unity
Canvas/Table/Work/GuestPanel/Diagol_9/Text
language",,給我來一杯森之果酒,Give me a glass of Forest Fruit Wine,森の果実酒を一杯ちょうだい,숲의 과실주 한 잔 주세요,给我来一杯森之果酒
lang_79696035,,,"Assets/_StripCasino/Scenes/BarCounter.unity
Canvas/Table/Work/GuestPanel/Diagol_10/Text
language",,給我來一杯宵之玫瑰酒,Give me a glass of Rose Wine of the Dusk,宵の薔薇酒を一杯ちょうだい,황혼의 장미주 한 잔 주세요,给我来一杯宵之玫瑰酒
lang_9f4cbe5e,,,"Assets/_StripCasino/Scenes/BarCounter.unity
Canvas/RecipePanel/Mask/List/Wine_1/Name_Recipe
language",,龍焰酒,Dragonflame Ale,ドラゴンフレイム酒,드래곤플레임 에일,龙焰酒
lang_3147d9d5,,,"Assets/_StripCasino/Scenes/BarCounter.unity
Canvas/RecipePanel/Mask/List/Wine_2/Name_Recipe
language",,魔女之吻,Witch’s Kiss,魔女のキス,마녀의 입맞춤,魔女之吻
lang_6e71eaa4,,,"Assets/_StripCasino/Scenes/BarCounter.unity
Canvas/RecipePanel/Mask/List/Wine_3/Name_Recipe
language",,精靈樹蜂蜜酒,Elven Nectar,エルフの蜜酒,엘프의 꿀술,精灵树蜂蜜酒
lang_e0af4dfb,,,"Assets/_StripCasino/Scenes/BarCounter.unity
Canvas/RecipePanel/Mask/List/Wine_4/Name_Recipe
language",,冰結之息,Breath of Frost,氷結の吐息,프로스트 브레스,冰结之息
lang_f765bc22,,,"Assets/_StripCasino/Scenes/BarCounter.unity
Canvas/RecipePanel/Mask/List/Wine_5/Name_Recipe
language",,秘法紅石酒,Arcana Ruby,アルカナ・ルビー,아르카나 루비,秘法红石酒
lang_6c384169,,,"Assets/_StripCasino/Scenes/BarCounter.unity
Canvas/RecipePanel/Mask/List/Wine_6/Name_Recipe
language",,霧花酒,Misty Bloom,ミスティ・ブルーム,미스티 블룸 ,雾花酒
lang_485fd1f8,,,"Assets/_StripCasino/Scenes/BarCounter.unity
Canvas/RecipePanel/Mask/List/Wine_7/Name_Recipe
language",,霧花酒,Wolfbane Brew,ウルフベイン酒,울프베인 술,狼毒酒
lang_0a30c4af,,,"Assets/_StripCasino/Scenes/BarCounter.unity
Canvas/RecipePanel/Mask/List/Wine_8/Name_Recipe
language",,太陽果皮酒,Sunpeel Ale,太陽の皮,선필 에일,太阳果皮酒
lang_6afd7966,,,"Assets/_StripCasino/Scenes/BarCounter.unity
Canvas/RecipePanel/Mask/List/Wine_9/Name_Recipe
language",,森林果實酒,Forest Berry Spirit,森の果実酒,숲의 열매주,森之果酒
lang_1c07b62c,,,"Assets/_StripCasino/Scenes/BarCounter.unity
Canvas/RecipePanel/Mask/List/Wine_10/Name_Recipe
language",,宵之玫瑰酒,Rose Wine of Dusk,宵の薔薇酒,저녁의 장미주,宵之玫瑰酒
lang_78600022,,,"Assets/_StripCasino/Scenes/BarCounter.unity
Canvas/RecipePanel/Title
language",,調酒祕方店,Secret Recipe Shop,秘伝レシピ店,칵테일 비법 상점,调酒秘方店
lang_648df1b5,,,"Assets/_StripCasino/Scenes/BarCounter.unity
Canvas/RecipePanel/Title_Button/Text (Legacy)
language",,继续,Continue,継続,계속하기,继续
lang_04fe0dd1,,,"Assets/_StripCasino/Scenes/BarCounter.unity
Canvas/SwitchBusinessStatus/Introduce
language",,切換營業狀態,Daily Bonus,営業状態の 切り替え,일일 보상,切换营业状态
lang_26f784d0,,,"Assets/_StripCasino/Scenes/BarCounter.unity
Canvas/BalancePanel/Balance
language",,餘額,Balance,残高,잔액,余额
lang_906866e8,,,"Assets/_StripCasino/Scenes/BarCounter.unity
Canvas/LeaveButton/leave
language",,打烊,Close,閉店,영업 종료,打烊
lang_02eb038c,,,"Assets/_StripCasino/Scenes/BarCounter.unity
Canvas/ResultPanel/Today’s Summary
language",,今日總結,Today’s Summary,今日のまとめ,오늘의 요약,今日总结
lang_2d7cf5d4,,,"Assets/_StripCasino/Scenes/BarCounter.unity
Canvas/ResultPanel/GuestCount
language",,接待客人:,Guests Served:,接客人数:,손님 수:,接待客人:
lang_e655ab8f,,,"Assets/_StripCasino/Scenes/BarCounter.unity
Canvas/ResultPanel/Revenue
language",,今日收入:,Revenue:,本日の売上:,오늘의 수익:,今日收入:
lang_c0204abc,,,"Assets/_StripCasino/Scenes/BarCounter.unity
Canvas/ResultPanel/Title_Button/Text (Legacy)
language",,继续,Continue,継続,계속하기,继续
lang_6dfabedd,,,"Assets/_StripCasino/Scenes/BarCounter.unity
Canvas/MakeSureLeavePanel/Panel/insurance
language",,確定結束今天的營業嗎？,Are you sure you want to end today’s business?,本日の営業を終了してもよろしいですか？,오늘 영업을 종료하시겠습니까?,确定结束今天的营业吗？
lang_9124e484,,,"Assets/_StripCasino/Scenes/BarCounter.unity
Canvas/MakeSureLeavePanel/Panel/YesButton/Yes
language",,是,Yes,はい,예,是
lang_af66e8f4,,,"Assets/_StripCasino/Scenes/BarCounter.unity
Canvas/MakeSureLeavePanel/Panel/NoButton/NO
language",,否,NO,いいえ,아니오,否
lang_11d9ca9d,,,"Assets/_StripCasino/Scenes/BarCounter.unity
Canvas/PauseMenu/Pause
language",,暂停,PAUSE,一時停止,일시정지,暂停
lang_6a66eb9d,,,"Assets/_StripCasino/Scenes/BarCounter.unity
Canvas/PauseMenu/BackMenu/Text (Legacy)
language",,返回主選單,Return to Title,タイトルへ戻る,타이틀로 돌아가기,返回主菜单
lang_c7384501,,,"Assets/_StripCasino/Scenes/BarCounter.unity
Canvas/PauseMenu/Title_Setting_BGM/Text (Legacy) (1)
language",,BGM,BGM,BGM,BGM,BGM
lang_97e4e035,,,"Assets/_StripCasino/Scenes/BarCounter.unity
Canvas/PauseMenu/Title_Setting_SE/Text (Legacy) (1)
language",,効果音,Sound Effect,効果音,효과음,效果音
lang_e6c4bfac,,,"Assets/_StripCasino/Scenes/BarCounter.unity
Canvas/PauseMenu/Title_Setting_Voice/Text (Legacy) (2)
language",,語音,Voice,ボイス,보이스,语音
lang_f2322b84,,,"Assets/_StripCasino/Scenes/BJ_Mobile.unity
Canvas/_old/InfoPanel/Panel/Scroll View/Viewport/Content/Info
language",,黑傑克遊戲步驟和投注選項：  初始發牌：每位玩家和莊家各發兩張牌。玩家的牌通常面朝上；莊家有一張牌面朝下。 玩家決策： 要牌：請求額外的牌。可以要牌直到選擇停牌或爆牌。 停牌：保持當前總點數並結束回合。 加倍：加倍你的賭注，並只獲取一張額外的牌（僅限首兩張牌可用）。 分牌：如果你有兩張相同點數的牌，可以將它們分成兩手進行，賭注加倍。每手分開打。 保險：如果莊家面朝上的牌是A，可以購買保險，這是一個賭注莊家有黑傑克的賭注。保險賭注為原賭注的一半。如果莊家有黑傑克，賠率為2:1。 莊家行動：莊家揭示他們的隱藏牌，必須持續要牌直到手牌總數達到17點或更高。 賠率： 贏得手牌：賠率為1:1。 黑傑克（首發牌是A和10點牌）：賠率為3:2。 保險：如果莊家有黑傑克，賠率為2:1。,"Blackjack Game Steps and Betting Options:  Initial Deal: Each player and the dealer receive two cards. Players' cards are usually dealt face up; one of the dealer's cards is face down. Player Decisions: Hit: Request another card. You can hit as many times as you want until you stand or bust. Stand: Keep your current total and end your turn. Double Down: Double your bet and receive exactly one more card (available only on your first two cards). Split: If you have two cards of the same rank, you can split them into two separate hands, doubling your bet. Each hand is played separately. Insurance: If the dealer's face-up card is an Ace, you can take insurance, which is a bet that the dealer has a blackjack. The insurance bet is half of your original bet. It pays 2:1 if the dealer has blackjack. Dealer's Play: The dealer reveals their hidden card and must hit until their cards total 17 or higher. Payouts: Winning hand: Pays 1:1. Blackjack (an Ace and a 10-value card as initial hand): Pays 3:2. Insurance: If the dealer has blackjack, pays 2:1.",ブラックジャックのゲーム手順とベッティングオプション：  初期配布：各プレイヤーとディーラーは2枚のカードを受け取ります。プレイヤーのカードは通常表向きに配られ、ディーラーのカードの一枚は裏向きです。 プレイヤーの選択： ヒット：別のカードを要求します。スタンドするかバストするまで何度でもヒットできます。 スタンド：現在の合計を保持し、ターンを終了します。 ダブルダウン：賭け金を倍にして、正確に1枚だけカードを受け取ります（最初の2枚のカードにのみ利用可能）。 スプリット：同じランクの2枚のカードがある場合、それらを2つの別々の手に分けることができ、賭け金を倍にします。それぞれの手は別々にプレイされます。 インシュランス：ディーラーの表向きのカードがエースの場合、インシュランス（ディーラーがブラックジャックを持っているかの賭け）を取ることができます。インシュランスの賭け金は元の賭け金の半分です。ディーラーがブラックジャックの場合、2:1で支払われます。 ディーラーのプレイ：ディーラーは隠されたカードを明かし、カードの合計が17以上になるまでヒットしなければなりません。 支払い： 勝利した手：1:1で支払います。 ブラックジャック（初期手がエースと10点のカード）：3:2で支払います。 インシュランス：ディーラーがブラックジャックの場合、2:1で支扅います。,"블랙잭 게임 절차 및 베팅 옵션:  초기 딜 : 각 플레이어와 딜러는 두 장의 카드를 받습니다. 플레이어의 카드는 보통 면을 위로 하고; 딜러의 한 장의 카드는 면을 아래로 합니다. 플레이어 결정: 히트 : 추가 카드를 요청합니다. 스탠드를 선택하거나 버스트될 때까지 히트할 수 있습니다. 스탠드 : 현재 총액을 유지하고 턴을 종료합니다. 더블 다운 : 베팅을 두 배로 하고 정확히 한 장의 카드만 더 받습니다 (처음 두 카드에만 사용 가능). 스플릿 : 같은 순위의 두 카드가 있으면 두 개의 별도 손으로 나눌 수 있습니다. 베팅을 두 배로 합니다. 각 손은 별도로 플레이됩니다. 보험 : 딜러의 앞면 카드가 에이스인 경우, 딜러가 블랙잭을 가지고 있는지 베팅하는 보험을 살 수 있습니다. 보험 베팅은 원래 베팅의 절반입니다. 딜러가 블랙잭인 경우 2:1로 지급됩니다. 딜러의 플레이 : 딜러는 그들의 숨겨진 카드를 공개하고, 그들의 카드 총합이 17 이상이 될 때까지 히트해야 합니다. 지급률 : 승리한 손 : 1:1로 지급합니다. 블랙잭 (초기 손이 에이스와 10점 카드) : 3:2로 지급합니다. 보험 : 딜러가 블랙잭인 경우 2:1로 지급합니다. 이러한 설명은 게임의 모든 베팅 옵션과 그에 따른 배당률을 자세히 설명하여, 룰렛에 익숙하지 않은 플레이어도 게임을 이해할 수 있도록 도와줍니다.",黑杰克游戏步骤和投注选项：  初始发牌：每位玩家和庄家各发两张牌。玩家的牌通常面朝上；庄家有一张牌面朝下。 玩家决策： 要牌：请求额外的牌。可以要牌直到选择停牌或爆牌。 停牌：保持当前总点数并结束回合。 加倍：加倍你的赌注，并只获取一张额外的牌（仅限首两张牌可用）。 分牌：如果你有两张相同点数的牌，可以将它们分成两手进行，赌注加倍。每手分开打。 保险：如果庄家面朝上的牌是A，可以购买保险，这是一个赌注庄家有黑杰克的赌注。保险赌注为原赌注的一半。如果庄家有黑杰克，赔率为2:1。 庄家行动：庄家揭示他们的隐藏牌，必须持续要牌直到手牌总数达到17点或更高。 赔率： 赢得手牌：赔率为1:1。 黑杰克（首发牌是A和10点牌）：赔率为3:2。 保险：如果庄家有黑杰克，赔率为2:1。
lang_8d5dfcf0,,,"Assets/_StripCasino/Scenes/BJ_Mobile.unity
Canvas/_old/InfoPanel/Panel/Info
language",,玩法介绍,Gameplay Introduction,プレイ方法の紹介,게임 방법 소개,玩法介绍
lang_2fca732c,,,"Assets/_StripCasino/Scenes/BJ_Mobile.unity
Canvas/GuestPanel/GuestPanel_1/Name
language",,約翰尼,Johnny,ジョニー,조니,约翰尼
lang_543f1144,,,"Assets/_StripCasino/Scenes/BJ_Mobile.unity
Canvas/GuestPanel/GuestPanel_1/Text
language",,嗨（口哨）~大妞頭想贏錢，老闆，可以來我床上跟我。,"Hey (whistles)~ Babe, wanna win some money? Boss, you can come to my bed and join me.",よう（口笛）～お嬢さん、お金を勝ちたいなら、俺のベッドで一緒にどうだ？,"헤이~ (휘파람) 아가씨, 돈을 따고 싶다면, 사장님, 내 침대로 와서 같이 할래?",嗨（口哨）~大妞头想赢钱，老板，可以来我床上跟我。
lang_412a2299,,,"Assets/_StripCasino/Scenes/BJ_Mobile.unity
Canvas/GuestPanel/GuestPanel_2/Name
language",,佛拉基米爾,Vladimir,ウラジミール,블라디미르,佛拉基米尔
lang_10728e49,,,"Assets/_StripCasino/Scenes/BJ_Mobile.unity
Canvas/GuestPanel/GuestPanel_2/Text
language",,嘿老闆，下一把可以讓我和大妞頭玩嗎（笑）,"Hey boss, can I and the lady join the next round? (laughs)",おいマスター、次のゲームは俺とお嬢さんも混ぜてくれよ（笑）,"사장님, 다음 판은 저랑 아가씨도 끼워줄 수 있어요? (웃음)",嘿老板，下一把可以让我和大妞头玩吗（笑）
lang_bfead996,,,"Assets/_StripCasino/Scenes/BJ_Mobile.unity
Canvas/GuestPanel/GuestPanel_3/Name
language",,亨利,Henry,ヘンリー,헨리,亨利
lang_93d70302,,,"Assets/_StripCasino/Scenes/BJ_Mobile.unity
Canvas/GuestPanel/GuestPanel_3/Text
language",,我從成為冒險家開始就懂懶者的安托竟然在酒館裡做這種不知廉恥的事……,"Since becoming an adventurer, I’ve known lazy bums like Anto would do shameless things in the tavern…",俺は冒険者になってから、怠け者のアントが酒場でこんな恥知らずなことをするなんて……,"내가 모험가가 된 이후로, 게으름뱅이 안토가 술집에서 이런 뻔뻔한 짓을 할 줄이야… ",我从成为冒险家开始就懂懒者的安托竟然在酒馆里做这种不知廉耻的事……
lang_fbb2331b,,,"Assets/_StripCasino/Scenes/BJ_Mobile.unity
Canvas/GuestPanel/GuestPanel_4/Name
language",,傑克,Jack,ジャック,잭,杰克
lang_173a98cf,,,"Assets/_StripCasino/Scenes/BJ_Mobile.unity
Canvas/GuestPanel/GuestPanel_4/Text
language",,哇……這小妞可真不錯，要是能……,"Wow... this chick is really something, if only I could...",わあ……この子、本当にいいね、もしできたら……,"와... 이 여자 정말 대단해, 만약 할 수 있다면...",哇……这小妞可真不错，要是能……
lang_13b33be0,,,"Assets/_StripCasino/Scenes/BJ_Mobile.unity
Canvas/GuestPanel/GuestPanel_5/Name
language",,雷歐,Leo,レオ,레오,雷欧
lang_f78ec098,,,"Assets/_StripCasino/Scenes/BJ_Mobile.unity
Canvas/GuestPanel/GuestPanel_5/Text
language",,哇～真的穿那種衣服來打牌！？好想看她脫掉啊～,"Whoa, is she really playing in that outfit!? I wanna see her strip～",うわ～マジであの服で勝負すんの！？脱げるとこ見たいな～,와~ 진짜 저 옷 입고 카드 치는 거야!? 벗는 거 보고 싶다~,哇～真的穿那种衣服来打牌！？我想看她脱掉啊～
lang_0fa3368d,,,"Assets/_StripCasino/Scenes/BJ_Mobile.unity
Canvas/GuestPanel/GuestPanel_6/Name
language",,博里斯,Boris,ボリス,보리스,博里斯
lang_535e629d,,,"Assets/_StripCasino/Scenes/BJ_Mobile.unity
Canvas/GuestPanel/GuestPanel_6/Text
language",,喂喂，我眼睛根本不是在看牌，是在看她的大腿啊……！,"Hey now, how am I supposed to focus on the cards with those thighs in view…?",おいおい、カードよりその太ももに目が行っちまうじゃねえか……！,"야야, 카드보다 허벅지에 눈이 더 간다고…!",喂喂，我的眼睛根本不是在看牌，是在看她的大腿啊……！
lang_9313983a,,,"Assets/_StripCasino/Scenes/BJ_Mobile.unity
Canvas/GuestPanel/GuestPanel_7/Name
language",,加布里埃爾,Gabriel,ガブリエル,가브리엘,加布里埃尔
lang_abd48fb6,,,"Assets/_StripCasino/Scenes/BJ_Mobile.unity
Canvas/GuestPanel/GuestPanel_7/Text
language",,嗝……嘿嘿，要是她輸了，會不會坐我腿上哭呢？,"Hic… hey hey, if she loses, will she cry on my lap?",ひっく……ねぇねぇ、もし負けたら、膝の上で泣いてくれんの？,"히끅… 저기, 지면 내 무릎 위에서 울어줄까?",嗝……嘿嘿，要是她输了，会不会坐我腿上哭呀？
lang_fe6ba70f,,,"Assets/_StripCasino/Scenes/BJ_Mobile.unity
Canvas/GuestPanel/GuestPanel_8/Name
language",,克雷格,Craig,クレイグ,크레이그,克雷格
lang_b11a30b3,,,"Assets/_StripCasino/Scenes/BJ_Mobile.unity
Canvas/GuestPanel/GuestPanel_8/Text
language",,反正馬上就要被脫光了吧？乾脆現在就先脫了如何？,"She’s gonna be stripped anyway, right? Might as well start now, huh?",どうせすぐ脱がされんだろ？先に脱いどけよ、なあ？,어차피 벗겨질 거잖아? 그냥 지금 벗는 게 어때?,反正马上就要被脱光了吧？干脆现在先脱了怎么样？
lang_18b08c94,,,"Assets/_StripCasino/Scenes/BJ_Mobile.unity
Canvas/GuestPanel/GuestPanel_9/Name
language",,莫里斯,Maurice,モーリス,모리스,莫里斯
lang_3f2722dc,,,"Assets/_StripCasino/Scenes/BJ_Mobile.unity
Canvas/GuestPanel/GuestPanel_9/Text
language",,哼，女人還想靠打牌贏？……還是準備好脫衣服吧？,"Hmph, think a girl can win at cards? Better get ready to undress.",ふん、女がカードで勝てると思うなよ？……脱ぐ準備しときな？,"흥, 여자가 카드로 이길 수 있을 거라 생각 마. 옷 벗을 준비나 해.",哼，女人还想靠打牌赢？……还是准备好脱衣服吧？
lang_cbea3b8c,,,"Assets/_StripCasino/Scenes/BJ_Mobile.unity
Canvas/GuestPanel/GuestPanel_10/Name
language",,德克斯特,Dexter,デクスター,덱스터,德克斯特
lang_6e27cfa4,,,"Assets/_StripCasino/Scenes/BJ_Mobile.unity
Canvas/GuestPanel/GuestPanel_10/Text
language",,嘿嘿嘿～真期待她會脫到什麼程度呢～！,"Hehehe, can’t wait to see how far she’ll go～!",ひゃっひゃっひゃ、どこまで見せてくれるか楽しみだな～！,"캬캬캬, 어디까지 보여줄지 기대된다~!",嘿嘿嘿～真期待她能脱到什么程度呢～！
lang_59ba8106,,,"Assets/_StripCasino/Scenes/BJ_Mobile.unity
Canvas/FemaleDealerPanel_Anto/Diagol_BigDeal_1_Anto/Text
language",,哇……認真起來了呢，主人〜,"Wow… you’re serious today, Master~",わぁ……本気だね、マスター〜,"와…… 오늘은 진심이네, 마스터~",哇……认真起来了呢，主人〜
lang_a1ee8485,,,"Assets/_StripCasino/Scenes/BJ_Mobile.unity
Canvas/FemaleDealerPanel_Anto/Diagol_BigDeal_2_Anto/Text
language",,放這麼多……不會後悔嗎？,Putting in that much… sure you won’t regret it?,そんなに出して……後悔しない？,그렇게나 걸어서… 후회 안 해?,放这么多……不会后悔吗？
lang_6e86e13c,,,"Assets/_StripCasino/Scenes/BJ_Mobile.unity
Canvas/FemaleDealerPanel_Anto/Diagol_BigDeal_3_Anto/Text
language",,呵呵，把退路都堵死了呢〜,"Hehe, you’ve cut off your escape~",ふふっ、逃げ道なくしたね〜,"후후, 도망칠 길을 막아버렸네~",呵呵，把退路都堵死了呢〜
lang_019c4a7b,,,"Assets/_StripCasino/Scenes/BJ_Mobile.unity
Canvas/FemaleDealerPanel_Anto/Diagol_BigDeal_4_Anto/Text
language",,下注方式不錯呢，我不討厭喔〜,Nice way to bet. I don’t hate it~,いい賭け方するじゃん。嫌いじゃないよ〜,베팅 센스 좋네. 싫지 않아~,下注方式不错嘛，我不讨厌哦〜
lang_83e7e5ea,,,"Assets/_StripCasino/Scenes/BJ_Mobile.unity
Canvas/FemaleDealerPanel_Anto/Diagol_BigDeal_5_Anto/Text
language",,再多放一點也可以喔？我又不會跑〜,"You can put in more, you know? I’m not going anywhere~",その覚悟、負けた時まで持つといいけど？,좀 더 걸어도 돼? 난 도망 안 가~,还可以多放点哦？我又不会跑〜
lang_2ad8c885,,,"Assets/_StripCasino/Scenes/BJ_Mobile.unity
Canvas/FemaleDealerPanel_Anto/Diagol_SmallDeal_1_Anto/Text
language",,欸〜，只有這樣？今天很保守呢〜？,Eh~ that’s all? Playing it safe today~?,え〜、それだけ？今日は控えめだね〜？,"어〜, 그게 다야? 오늘은 꽤 조심스럽네~?",诶〜，就这么点？今天很保守嘛〜？
lang_e2a4c506,,,"Assets/_StripCasino/Scenes/BJ_Mobile.unity
Canvas/FemaleDealerPanel_Anto/Diagol_SmallDeal_2_Anto/Text
language",,呵呵，這麼小的賭注夠嗎？,"Hehe, is that tiny bet really enough?",ふふ、そんな小さな賭けで足りるの？,"후후, 그런 작은 판돈으로 괜찮아?",呵呵，这么小的赌注够吗？
lang_5e461447,,,"Assets/_StripCasino/Scenes/BJ_Mobile.unity
Canvas/FemaleDealerPanel_Anto/Diagol_SmallDeal_3_Anto/Text
language",,這樣就以為能贏，可不行喔〜,Don’t think that’s enough to win~,そのくらいで勝ったつもりにならないでよ〜,그 정도로 이길 수 있다고 생각하지 마~,别以为这样就能赢哦〜
lang_581c27f0,,,"Assets/_StripCasino/Scenes/BJ_Mobile.unity
Canvas/FemaleDealerPanel_Anto/Diagol_SmallDeal_4_Anto/Text
language",,一臉安全第一的表情呢，主人〜,"You’ve got that ‘safety first’ look, Master~",安全第一って顔してるね、マスター〜,"완전 안전 제일주의 얼굴이네, 마스터~",一副安全第一的表情呢，主人〜
lang_5d805e69,,,"Assets/_StripCasino/Scenes/BJ_Mobile.unity
Canvas/FemaleDealerPanel_Anto/Diagol_SmallDeal_5_Anto/Text
language",,再多放一點也可以喔？我又不會跑〜,"You can put in more, you know? I’m not going anywhere~",もっと出してもいいんだよ？アタシは逃げないから〜,좀 더 걸어도 돼? 난 도망 안 가~,还可以多放点哦？我又不会跑〜
lang_f2fdd5fa,,,"Assets/_StripCasino/Scenes/BJ_Mobile.unity
Canvas/FemaleDealerPanel_Anto/Diagol_LewdSound_Deal_1_Anto/Text
language",,嗯…♡ 又下這麼多…？,Nnh…♡ That much again…?,んっ…♡ またそんなに…？,응…♡ 또 그렇게 많이…?,嗯…♡ 又下这么多…？
lang_aa40b0f9,,,"Assets/_StripCasino/Scenes/BJ_Mobile.unity
Canvas/FemaleDealerPanel_Anto/Diagol_LewdSound_Deal_2_Anto/Text
language",,哈啊…♡ 好熱…我…,Haa…♡ I’m so hot…,はぁ…♡ 熱いよ…あたし…,하아…♡ 너무 뜨거워… 나…,哈啊…♡ 好热…我…
lang_61152e80,,,"Assets/_StripCasino/Scenes/BJ_Mobile.unity
Canvas/FemaleDealerPanel_Anto/Diagol_LewdSound_Deal_3_Anto/Text
language",,嗚♡ 再多一點…下注…？,Ah…♡ Bet more… won’t you…?,ふぁ♡ もっと…賭けて…？,후아♡ 더… 걸어줘…?,呜♡ 再多点…下注…？
lang_154ebb17,,,"Assets/_StripCasino/Scenes/BJ_Mobile.unity
Canvas/FemaleDealerPanel_Anto/Diagol_LewdSound_Deal_4_Anto/Text
language",,啊…♡ 不行了…可能要壞掉了…,Ah…♡ I… might be done for…,あっ…♡ もう…ダメかも…,아…♡ 이제… 안 될지도…,啊…♡ 不行了…可能要坏掉了…
lang_af0452d4,,,"Assets/_StripCasino/Scenes/BJ_Mobile.unity
Canvas/FemaleDealerPanel_Hetty/Diagol_BigDeal_1_Hetty/Text
language",,……哼，看來是認真了,…Hmph. Looks like you’re serious.,……ふん。本気で来たみたいね,……흥. 진심인 것 같네.,……哼，看来是认真了
lang_5d5f19f5,,,"Assets/_StripCasino/Scenes/BJ_Mobile.unity
Canvas/FemaleDealerPanel_Hetty/Diagol_BigDeal_2_Hetty/Text
language",,既然押到這個程度，就別想找藉口,"If you bet that much, no excuses.",そこまで出すなら、言い訳はできないわよ,"그렇게까지 걸었으면, 변명은 없어.",既然押到这个程度，就别想找借口
lang_ea9ed142,,,"Assets/_StripCasino/Scenes/BJ_Mobile.unity
Canvas/FemaleDealerPanel_Hetty/Diagol_BigDeal_3_Hetty/Text
language",,覺悟我認可，但結果是另一回事,I’ll acknowledge your resolve. Results are another matter.,覚悟は評価する。でも結果は別,각오는 인정해. 하지만 결과는 별개야.,觉悟我认可，但结果是另一回事
lang_650b9e4b,,,"Assets/_StripCasino/Scenes/BJ_Mobile.unity
Canvas/FemaleDealerPanel_Hetty/Diagol_BigDeal_4_Hetty/Text
language",,不錯的下注方式，碾壓起來更有價值,A good bet. Makes crushing you worthwhile.,いい賭け方ね。潰しがいがあるわ,괜찮은 베팅이네. 짓밟을 맛이 나겠어.,不错的下注方式，碾压起来更有价值
lang_6a302b78,,,"Assets/_StripCasino/Scenes/BJ_Mobile.unity
Canvas/FemaleDealerPanel_Hetty/Diagol_BigDeal_5_Hetty/Text
language",,輸了可別哭啊？,Don’t cry when you lose.,負けた時、泣かないでよ？ ,질 때 울지는 말라고?,输了可别哭啊？
lang_57f8ed15,,,"Assets/_StripCasino/Scenes/BJ_Mobile.unity
Canvas/FemaleDealerPanel_Hetty/Diagol_SmallDeal_1_Hetty/Text
language",,……只有這點？你是來贏的嗎？,…That’s it? Are you even trying to win?,……それだけ？勝つ気あるの？,……그게 전부야? 이길 생각은 있는 거야?,……就这点？你是来赢的吗？
lang_d25b1574,,,"Assets/_StripCasino/Scenes/BJ_Mobile.unity
Canvas/FemaleDealerPanel_Hetty/Diagol_SmallDeal_2_Hetty/Text
language",,真是小打小鬧的下注，性格都寫在臉上了,Such a small bet. Your personality shows.,小さくまとまった賭けね。性格が出てるわ,소심한 베팅이네. 성격이 그대로 드러나.,真是小打小闹的下注，性格都写在脸上了
lang_b0bc78a7,,,"Assets/_StripCasino/Scenes/BJ_Mobile.unity
Canvas/FemaleDealerPanel_Hetty/Diagol_SmallDeal_3_Hetty/Text
language",,就憑這種程度，也想挑戰我？,With that? You think you can challenge me?,その程度で、私に挑むつもり？,그 정도로 나한테 도전하겠다고?,就凭这种程度，也想挑战我？
lang_3222f576,,,"Assets/_StripCasino/Scenes/BJ_Mobile.unity
Canvas/FemaleDealerPanel_Hetty/Diagol_SmallDeal_4_Hetty/Text
language",,安全策略？……真像弱者的選擇,Playing it safe? …A weakling’s choice.,安全策？……弱者らしい選択ね,안전책? ……약자다운 선택이네.,安全策略？……真像弱者的选择
lang_f208b6a9,,,"Assets/_StripCasino/Scenes/BJ_Mobile.unity
Canvas/FemaleDealerPanel_Hetty/Diagol_SmallDeal_5_Hetty/Text
language",,多放一點。不然就是在浪費我的時間,"Bet more. Otherwise, you’re wasting my time.",もっと出しなさい。じゃないと時間の無駄よ,좀 더 걸어. 아니면 내 시간 낭비야.,多放点。不然就是在浪费我的时间
lang_5e25dfa8,,,"Assets/_StripCasino/Scenes/BJ_Mobile.unity
Canvas/FemaleDealerPanel_Hetty/Diagol_LewdSound_Deal_1_Hetty/Text
language",,…哈啊…下這麼多…？,…Hah… that much…?,…っ、はぁ…そんなに…？,…하아… 그렇게 많이…?,…哈啊…下这么多…？
lang_2402d6b9,,,"Assets/_StripCasino/Scenes/BJ_Mobile.unity
Canvas/FemaleDealerPanel_Hetty/Diagol_LewdSound_Deal_2_Hetty/Text
language",,嗯…♡ 身體…好熱…,Nnh…♡ My body… is hot…,んっ…♡ 身体…熱い…,응…♡ 몸이… 뜨거워…,嗯…♡ 身体…好热…
lang_85646a46,,,"Assets/_StripCasino/Scenes/BJ_Mobile.unity
Canvas/FemaleDealerPanel_Hetty/Diagol_LewdSound_Deal_3_Hetty/Text
language",,再多一點…下注吧…♡,I want you… to bet more…♡,もっと…賭けて…ほしい…♡,더… 걸어줬으면…♡,再多点…下注吧…♡
lang_c5f806b7,,,"Assets/_StripCasino/Scenes/BJ_Mobile.unity
Canvas/FemaleDealerPanel_Hetty/Diagol_LewdSound_Deal_4_Hetty/Text
language",,請…再多下注一點…,Please… bet more…,もっと…賭けて…ください…,더… 걸어주세요…,请…再多下注一点…
lang_bc434908,,,"Assets/_StripCasino/Scenes/BJ_Mobile.unity
Canvas/FemaleDealerPanel_Alice/Diagol_BigDeal_1_Alice/Text
language",,……是認真的呢。看來已經做好覺悟了,…You’re serious. It seems you’re prepared.,……本気、ですね。覚悟はできているようです,……진심이군요. 각오는 되어 있는 것 같아요.,……是认真的呢。看来已经做好觉悟了
lang_b04c156d,,,"Assets/_StripCasino/Scenes/BJ_Mobile.unity
Canvas/FemaleDealerPanel_Alice/Diagol_BigDeal_2_Alice/Text
language",,押這麼多……退路也考慮過了嗎？,Betting that much… have you considered your retreat?,そんなに賭けて……退路は考えていますか？,그렇게 거는데…… 물러설 길은 생각했나요?,押这么多……退路也考虑过了吗？
lang_db73209e,,,"Assets/_StripCasino/Scenes/BJ_Mobile.unity
Canvas/FemaleDealerPanel_Alice/Diagol_BigDeal_3_Alice/Text
language",,這種下注方式……我並不討厭,I don’t dislike this way of betting.,その賭け方、嫌いではありません,그런 베팅 방식…… 싫지는 않네요.,这种下注方式……我并不讨厌
lang_a5689353,,,"Assets/_StripCasino/Scenes/BJ_Mobile.unity
Canvas/FemaleDealerPanel_Alice/Diagol_BigDeal_4_Alice/Text
language",,贏了的話，回報也會很大……是這樣的判斷吧,"If you win, the reward will be great… that’s your judgment, right?",勝てば見返りも大きい……そういう判断ですね,이기면 보상도 크다…… 그런 판단이겠죠.,赢了的话，回报也会很大……是这样的判断吧
lang_016a5e14,,,"Assets/_StripCasino/Scenes/BJ_Mobile.unity
Canvas/FemaleDealerPanel_Alice/Diagol_BigDeal_5_Alice/Text
language",,連輸掉時的後果……也已經考慮過了，對吧？,You’ve thought about losing as well… haven’t you?,負けた時のことも、考えた上で……ですよね？,졌을 때의 결과도…… 생각한 거죠?,连输掉时的后果……也已经考虑过了，对吧？
lang_f349ee7d,,,"Assets/_StripCasino/Scenes/BJ_Mobile.unity
Canvas/FemaleDealerPanel_Alice/Diagol_SmallDeal_1_Alice/Text
language",,……用這樣的籌碼，有勝算嗎？,"…With a bet like that, do you really have a chance to win?",……その賭け金で、勝算はあるんですか？,"……그 정도 판돈으로, 이길 수 있다고 생각해요?",……用这样的筹码，有胜算吗？
lang_8ab7a198,,,"Assets/_StripCasino/Scenes/BJ_Mobile.unity
Canvas/FemaleDealerPanel_Alice/Diagol_SmallDeal_2_Alice/Text
language",,挺保守呢。謹慎倒不是壞事，不過……,"You're quite cautious. Being careful isn't a bad thing, but…",控えめですね。慎重なのは悪くありませんが……,꽤 신중하시네요. 조심하는 건 나쁜 건 아니지만…,挺保守呢。谨慎倒不是坏事，不过……
lang_5a95ae77,,,"Assets/_StripCasino/Scenes/BJ_Mobile.unity
Canvas/FemaleDealerPanel_Alice/Diagol_SmallDeal_3_Alice/Text
language",,這是不勉強自己的判斷嗎？,So you’ve decided not to push yourself?,無理はしない、という判断ですか？,무리하지 않겠다는 판단인가요?,这是不勉强自己的判断吗？
lang_2fb5a52a,,,"Assets/_StripCasino/Scenes/BJ_Mobile.unity
Canvas/FemaleDealerPanel_Alice/Diagol_SmallDeal_4_Alice/Text
language",,只到這種程度就滿足的話，多少有點可惜呢,Stopping at that level feels a little wasteful.,その程度で満足してしまうのは、少し勿体ない気がします,"그 정도에서 만족해 버리면, 조금 아쉬워요.",只到这种程度就满足的话，多少有点可惜呢
lang_ba1bd239,,,"Assets/_StripCasino/Scenes/BJ_Mobile.unity
Canvas/FemaleDealerPanel_Alice/Diagol_SmallDeal_5_Alice/Text
language",,……希望這是你不會後悔的選擇,…I hope you won’t regret that choice.,……後悔しない選択だと、いいですね ,……후회하지 않을 선택이길 바라요.,……希望这是你不会后悔的选择
lang_a4bef4a4,,,"Assets/_StripCasino/Scenes/BJ_Mobile.unity
Canvas/FemaleDealerPanel_Alice/Diagol_LewdSound_Deal_1_Alice/Text
language",,啊…♡ 下了很多呢…,Ah…♡ That’s a lot…,あっ…♡ たくさん…ですね…,아…♡ 많이 거셨네요…,啊…♡ 下了很多呢…
lang_af588379,,,"Assets/_StripCasino/Scenes/BJ_Mobile.unity
Canvas/FemaleDealerPanel_Alice/Diagol_LewdSound_Deal_2_Alice/Text
language",,哈啊…♡ 好熱…在發疼…,Haa…♡ It’s hot… it aches…,はぁ…♡ 熱くて…疼く…,하아…♡ 뜨거워서… 욱신거려…,哈啊…♡ 好热…在发疼…
lang_9dcfdc6a,,,"Assets/_StripCasino/Scenes/BJ_Mobile.unity
Canvas/FemaleDealerPanel_Alice/Diagol_LewdSound_Deal_3_Alice/Text
language",,嗯…想讓你…看著…♡,Nnh… I want you… to look…♡,んっ…見て…ほしい…♡,응… 봐줬으면…♡,嗯…想让你…看着…♡
lang_b23e9db7,,,"Assets/_StripCasino/Scenes/BJ_Mobile.unity
Canvas/FemaleDealerPanel_Alice/Diagol_LewdSound_Deal_4_Alice/Text
language",,…別看…乳頭…都硬了…,…Don’t look… my nipples… are hard…,…見ないで…乳首…立ってる…,…보지 마… 꼭지가… 서 있어…,…别看…乳头…都硬了…
lang_3a43a67c,,,"Assets/_StripCasino/Scenes/BJ_Mobile.unity
Canvas/MainPanel/ButtonsPanel/Deal/Deal
language",,下注,Deal,ディール,딜,下注
lang_d1c1217d,,,"Assets/_StripCasino/Scenes/BJ_Mobile.unity
Canvas/MainPanel/ButtonsPanel/Deal/Hit
language",,要牌,Hit,ヒット,히트,要牌
lang_8fa7d192,,,"Assets/_StripCasino/Scenes/BJ_Mobile.unity
Canvas/MainPanel/ButtonsPanel/Stand/Stand
language",,停牌,Stand,スタンド,스탠드,停牌
lang_8ec79e06,,,"Assets/_StripCasino/Scenes/BJ_Mobile.unity
Canvas/MainPanel/ButtonsPanel/Double/Double
language",,加倍,Double Down,ダブルダウン,더블 다운,加倍
lang_62c42494,,,"Assets/_StripCasino/Scenes/BJ_Mobile.unity
Canvas/MainPanel/ButtonsPanel/Undo/Undo
language",,撤銷,Undo,取り消し,취소,撤销
lang_3506164a,,,"Assets/_StripCasino/Scenes/BJ_Mobile.unity
Canvas/MainPanel/ButtonsPanel/Split/Split
language",,分牌,Split,スプリット,스플릿,分牌
lang_13c3e2a6,,,"Assets/_StripCasino/Scenes/BJ_Mobile.unity
Canvas/MainPanel/ButtonsPanel/Clear/Clear
language",,清除,Clear,クリア,지우기 ,清除
lang_3dfff560,,,"Assets/_StripCasino/Scenes/BJ_Mobile.unity
Canvas/BalancePanel/Balance
language",,餘額,Balance,残高,잔액,余额
lang_a13a1db8,,,"Assets/_StripCasino/Scenes/BJ_Mobile.unity
Canvas/ItemPanel/USE/Text (Legacy)
language",,使用,Use,使用,사용,使用
lang_ed071ff8,,,"Assets/_StripCasino/Scenes/BJ_Mobile.unity
Canvas/ItemPanel/Diagol/Diagol_1/Text
language",,紫色情緒 → 自己點數 -3,Purple Mood → Your Score -3,紫のムード → 自分の点数を-3,보라색 무드 → 자신의 점수 -3,紫色心情 → 自己点数 -3
lang_4f94fa7d,,,"Assets/_StripCasino/Scenes/BJ_Mobile.unity
Canvas/ItemPanel/Diagol/Diagol_2/Text
language",,占卜水晶 → 查看女荷官蓋牌，牌庫第一第二張牌,"Divination Crystal → Peek at female dealer's hole card, deck's 1st and 2nd card",占い水晶 → 女ディーラーの穴札と 山札の1枚目・2枚目を確認,"점술 수정 → 여성 딜러의 홀카드와 덱의 1번째, 2번째 카드 확인",占卜水晶 → 查看女荷官盖牌，牌库第一第二张牌
lang_1dabdb16,,,"Assets/_StripCasino/Scenes/BJ_Mobile.unity
Canvas/ItemPanel/Diagol/Diagol_3/Text
language",,均衡徽章 → 使你的點數和女荷官相同,Balance Badge → Makes your points equal to the dealer’s,均衡のバッジ → あなたの点数をディーラーと同じにする,균형 배지 → 당신의 점수를 딜러와 동일하게 만든다,均衡徽章 → 使你的点数和女荷官相同
lang_6b7614bb,,,"Assets/_StripCasino/Scenes/BJ_Mobile.unity
Canvas/ItemPanel/Diagol/Diagol_4/Text
language",,魔眼石 → 查看女荷官蓋牌，牌庫第一張牌,Magic Eye Stone → Peek at female dealer's hole card and deck's 1st card,魔眼石 → 女ディーラーの穴札と山札の1枚目を確認,마안석 → 여성 딜러의 홀카드와 덱의 1번째 카드 확인,魔眼石 → 查看女荷官盖牌，牌库第一张牌
lang_eb4c07a4,,,"Assets/_StripCasino/Scenes/BJ_Mobile.unity
Canvas/ItemPanel/Diagol/Diagol_5/Text
language",,酒瓶 → 你的點數翻倍,Wine Bottle → Double Your Points,ワインボトル → あなたのポイントを倍増させる,와인 병 → 당신 점수 배수,酒瓶 → 你的点数翻倍
lang_1874ada9,,,"Assets/_StripCasino/Scenes/BJ_Mobile.unity
Canvas/ItemPanel/Diagol/Diagol_6/Text
language",,藏寶圖殘片 → 若你的點數超過21，可以隨機減去3~5（救場道具）,"Treasure Map Fragment → If your points exceed 21, randomly reduce 3~5 (a bailout item)",宝の地図の断片 → 点数が21を超える場合、3〜5ポイントをランダムに減らす（救済アイテム）,보물지도 조각 → 당신의 점수가 21을 초과하면 3~5을 랜덤으로 줄일 수 있음 (구조 아이템),藏宝图残片 → 若你的点数超过21，可以随机减去3~5（救场道具）
lang_d2388e62,,,"Assets/_StripCasino/Scenes/BJ_Mobile.unity
Canvas/ItemPanel/Diagol/Diagol_7/Text
language",,幸運幣 → 你的點數+1,Lucky Coin → Your points +1,幸運のコイン → 自分の点数を+1,행운의 동전 → 당신의 점수 +1,幸运币 → 你的点数+1
lang_7e3b31e7,,,"Assets/_StripCasino/Scenes/BJ_Mobile.unity
Canvas/ItemPanel/Diagol/Diagol_8/Text
language",,透視藥水 → 查看牌庫第一第二張牌,Clairvoyance Potion → Peek at deck's 1st and 2nd card,透視の薬 →山札の1枚目・2枚目を確認,"투시 물약 → 덱의 1번째, 2번째 카드 확인",透视药水 →看牌库第一第二张牌
lang_03de3790,,,"Assets/_StripCasino/Scenes/BJ_Mobile.unity
Canvas/ItemPanel/Diagol/Diagol_9/Text
language",,綠色情緒 → 自己點數 +3,Green Mood → Your Score +3,緑のムード→ 自分の点数を +3,초록색 무드 → 자신의 점수 +3,绿色心情 → 自己点数 +3
lang_f642d2e0,,,"Assets/_StripCasino/Scenes/BJ_Mobile.unity
Canvas/ItemPanel/Diagol/Diagol_10/Text
language",,匕首 → 牌庫第一張牌置於牌庫底部,Dagger → Move the first card of the deck to the bottom of the deck,短剣 → デッキの一番上のカードをデッキの底に置く,단검 → 덱의 맨 위 카드를 덱 바닥으로 이동,匕首 → 牌库第一张牌置于牌库底部
lang_19b0fb77,,,"Assets/_StripCasino/Scenes/BJ_Mobile.unity
Canvas/ItemPanel/Diagol/Diagol_11/Text
language",,黑棋子 → 你的點數+5,Black Chess Piece → Your Points +5,黒い駒 → あなたの点数+5,검은 말 → 당신 점수 +5,黑棋子 → 你的点数+5
lang_b82024fe,,,"Assets/_StripCasino/Scenes/BJ_Mobile.unity
Canvas/ItemPanel/Diagol/Diagol_12/Text
language",,魔眼藥水 → 牌庫洗牌,Magic Eye Potion → Shuffle the Deck,魔眼薬水 → デッキをシャッフル,마안 약수 → 덱 섞기,魔眼药水 → 牌库洗牌
lang_cea95a45,,,"Assets/_StripCasino/Scenes/BJ_Mobile.unity
Canvas/ItemPanel/Diagol/Diagol_13/Text
language",,空瓶 → 女荷官的點數翻倍,Empty Bottle → Double the female dealer's points,空き瓶  → 女ディーラーの点数を倍に,빈 병 → 여성 딜러 점수 배수,空瓶 → 女荷官的点数翻倍
lang_e05774cc,,,"Assets/_StripCasino/Scenes/BJ_Mobile.unity
Canvas/ItemPanel/Diagol/Diagol_14/Text
language",,白棋子 → 女荷官點數＋5,White Chess Piece → Female Dealer Points +5,白い駒 → 女ディーラーの点数+5,흰 말 → 여성 딜러 점수 +5,白棋子 → 女荷官点数＋5
lang_1d49d463,,,"Assets/_StripCasino/Scenes/BJ_Mobile.unity
Canvas/ItemPanel/Diagol/Diagol_15/Text
language",,厄運幣 → 玩家的點數-1,Misfortune Coin → Player's Points -1,厄運コイン → プレイヤーの点数-1,불운 동전 → 플레이어 점수 -1,厄运币 → 玩家的点数-1
lang_a2ba45ea,,,"Assets/_StripCasino/Scenes/BJ_Mobile.unity
Canvas/ItemPanel/Diagol/Diagol_16/Text
language",,皇室家徽 → 這局獲勝的話雙倍獎勵,Royal Crest → Double reward if win this round,王室家紋 → この局勝利で報酬2倍,왕실 문장 → 이 판 승리 시 보상 2배,皇室家徽 → 这局获胜的话双倍奖励
lang_f1c43918,,,"Assets/_StripCasino/Scenes/BJ_Mobile.unity
Canvas/LeaveButton/leave
language",,離開,leave,退出,열기,离开
lang_f6bb2d9e,,,"Assets/_StripCasino/Scenes/BJ_Mobile.unity
Canvas/TutorialPanel/Title_Setting/All/BasicRule/Text (Legacy)
language",,基本規則(Basic Rules),Basic Rules, 基本ルール (Basic Rules),기본 규칙(Basic Rules),基本规则(Basic Rules)
lang_a37cc7f9,,,"Assets/_StripCasino/Scenes/BJ_Mobile.unity
Canvas/TutorialPanel/Title_Setting/All/DoubleDown/Text (Legacy)
language",,加倍（Double Down）,Double Down,ダブル（Double Down）,더블 다운 (Double Down),加倍（Double Down）
lang_5b6f78fa,,,"Assets/_StripCasino/Scenes/BJ_Mobile.unity
Canvas/TutorialPanel/Title_Setting/All/Insurance/Text (Legacy)
language",,保險（Insurance）,Insurance,インシュランス（Insurance）,인슈어런스 (Insurance),保险（Insurance）
lang_368dc166,,,"Assets/_StripCasino/Scenes/BJ_Mobile.unity
Canvas/TutorialPanel/Title_Setting/All/Split/Text (Legacy)
language",,分牌（Split）,Split,スプリット（Split）,스플릿 (Split),分牌（Split）
lang_136dc3f6,,,"Assets/_StripCasino/Scenes/BJ_Mobile.unity
Canvas/TutorialPanel/Title_Setting/All/Introduce_Anto/Text (Legacy)
language",,安托（Anto）,Anto,アンバー（Anto）,앰버 (Anto),安托（Anto）
lang_96ded072,,,"Assets/_StripCasino/Scenes/BJ_Mobile.unity
Canvas/TutorialPanel/Title_Setting/All/Introduce_Hetty/Text (Legacy)
language",,赫蒂（Hetty）,Hetty,ヘディー（Hetty）,헤디 (Hetty),赫蒂（Hetty）
lang_1d8d31e0,,,"Assets/_StripCasino/Scenes/BJ_Mobile.unity
Canvas/TutorialPanel/Title_Setting/All/Introduce_Alice/Text (Legacy)
language",,愛麗絲（Alice）,Alice,アリス（Alice）,앨리스 (Alice),爱丽丝（Alice）
lang_e35733d7,,,"Assets/_StripCasino/Scenes/BJ_Mobile.unity
Canvas/TutorialPanel/Title_Setting/All/Item/Text (Legacy)
language",,道具戰術,Item Tactics,アイテム戦術,아이템 전술,道具战术
lang_364b804e,,,"Assets/_StripCasino/Scenes/BJ_Mobile.unity
Canvas/TutorialPanel/Title_Setting/BasicRule/Context/Text (Legacy)
language",,起初，玩家和莊家（女主角）各發2張牌。玩家的牌全公開，莊家有一張牌是蓋着的。 玩家可以選擇“要牌（Hit）”或“停牌（Stand）”。  要牌：加1張牌，讓總點數接近21點。<color=red>但如果總點數超過22點，即爆牌（輸）。</color> 停牌：停止加牌，轉到莊家回合。  莊家<color=red>總點數低於17點必須繼續要牌</color>。達到17點以上自動停牌。 最終，<color=red>未爆牌且點數最接近21點的一方獲勝</color>！（正好21點為黑傑克，特別獎勵）  勝出時，莊家（女主角）<color=red>脫一件衣服，觸發專用CG或台詞</color>。 輸掉時，玩家<color=red>收到挑釁台詞或懲罰CG</color>。  右上方的條是女主角的“生命槽”。獲勝次數增加，女主角衣服減少， <color=red>最終完全脫衣進入專用色情CG事件</color>。,"At the start, both the player and the dealer (heroine) are dealt 2 cards each. The player's cards are all face-up, while the dealer has one card face-down. The player can choose to ""Hit"" or ""Stand"".  Hit: Draw 1 more card to get your total closer to 21. <color=red>But if your total exceeds 22, you bust (lose).</color> Stand: Stop drawing cards and pass the turn to the dealer.  The dealer must <color=red>draw cards if their total is under 17</color>. They stand automatically at 17 or higher. In the end, <color=red>the one closest to 21 without busting wins</color>! (Exactly 21 is Blackjack for a special bonus.)  If you win, the dealer (heroine) <color=red>removes one piece of clothing, triggering special CG or dialogue</color>. If you lose, you get <color=red>taunting dialogue or penalty CG</color>.  The bar at the top right is the heroine's ""life gauge"". As you win more, her clothes decrease, <color=red>leading to full nudity and exclusive erotic CG events</color>.",最初に、プレイヤーとディーラー（ヒロイン）にそれぞれ2枚のカードが配られます。プレイヤーのカードはすべてオープン、ディーラーは1枚が伏せられています。 プレイヤーは「ヒット（Hit）」または「スタンド（Stand）」を選択できます。  ヒット：カードを1枚追加し、手札の合計を21点に近づけます。<color=red>ただし、合計が22点以上になるとバースト（負け）です。</color> スタンド：追加カードを止めて、ディーラーのターンに移ります。  ディーラーは<color=red>合計が17点未満なら必ずカードを引く</color>ルールでプレイします。17点以上になると自動的にスタンド。 最終的に、<color=red>バーストせずに21点に近い方が勝利</color>！（21点ちょうどはブラックジャックで特別ボーナス）  勝てばディーラー（ヒロイン）は<color=red>服を1枚脱ぎ、専用CGやセリフが発生</color>。 負ければプレイヤーが<color=red>挑発セリフや罰ゲームCGを受けます</color>。  右上のバーはヒロインの“ライフゲージ”。勝利を重ねるごとにヒロインの衣装が減り、 <color=red>最終的に完全に脱衣して専用エロCGイベントへ進みます</color>。,"처음에 플레이어와 딜러(히로인)에게 각각 2장의 카드가 분배됩니다. 플레이어의 카드는 모두 공개되며, 딜러는 한 장이 가려져 있습니다. 플레이어는 ""히트(Hit)"" 또는 ""스탠드(Stand)""를 선택할 수 있습니다.  히트: 카드를 1장 더 뽑아 총점을 21점에 가깝게 합니다. <color=red>하지만 총점이 22점 이상이 되면 버스트(패배)합니다.</color> 스탠드: 카드 뽑기를 멈추고 딜러의 차례로 넘깁니다.  딜러는 <color=red>총점이 17점 미만이면 반드시 카드를 뽑아야 합니다</color>. 17점 이상이 되면 자동으로 스탠드. 최종적으로, <color=red>버스트하지 않고 21점에 가장 가까운 쪽이 승리</color>! (정확히 21점은 블랙잭으로 특별 보너스)  이기면 딜러(히로인)가 <color=red>옷을 한 벌 벗으며, 전용 CG나 대사가 발생</color>. 지면 플레이어가 <color=red>도발 대사나 벌칙 CG를 받습니다</color>.  오른쪽 위의 바는 히로인의 ""라이프 게이지"". 승리를 쌓을수록 히로인의 옷이 줄어들며, <color=red>최종적으로 완전 탈의하여 전용 에로 CG 이벤트로 진행됩니다</color>.",起初，玩家和庄家（女主角）各发2张牌。玩家的牌全公开，庄家有一张牌是盖着的。 玩家可以选择“要牌（Hit）”或“停牌（Stand）”。  要牌：加1张牌，让总点数接近21点。<color=red>但如果总点数超过22点，即爆牌（输）。</color> 停牌：停止加牌，转到庄家回合。  庄家<color=red>总点数低于17点必须继续要牌</color>。达到17点以上自动停牌。 最终，<color=red>未爆牌且点数最接近21点的一方获胜</color>！（正好21点为黑杰克，特别奖励）  胜出时，庄家（女主角）<color=red>脱一件衣服，触发专用CG或台词</color>。 输掉时，玩家<color=red>收到挑衅台词或惩罚CG</color>。  右上方的条是女主角的“生命槽”。获胜次数增加，女主角衣服减少， <color=red>最终完全脱衣进入专用色情CG事件</color>。
lang_ea0b0731,,,"Assets/_StripCasino/Scenes/BJ_Mobile.unity
Canvas/TutorialPanel/Title_Setting/BasicRule/Title/Text (Legacy)
language",,基本規則,Basic Rules,基本ルール,기본 규칙,基本规则
lang_4101f071,,,"Assets/_StripCasino/Scenes/BJ_Mobile.unity
Canvas/TutorialPanel/Title_Setting/DoubleDown/Context/Text (Legacy)
language",,玩家的前2張牌總點數為<color=red>9～11點</color>時，“加倍（Double Down）”選項解鎖。 <color=red>下注翻倍，只加1張牌後自動停牌</color>。  勝出<color=red>獎勵翻倍</color>（女主角脫衣加速！） 輸掉<color=red>損失翻倍</color>（懲罰CG風險增加）。 高風險高回報的策略。<color=red>手牌強時值得一試！</color>,"When the player's initial 2 cards total <color=red>9-11 points</color>, the ""Double Down"" option unlocks. <color=red>Double your bet, draw only 1 more card, then auto-stand</color>.  Win: <color=red>Double rewards</color> (heroine strips faster!) Lose: <color=red>Double losses</color> (higher risk of penalty CG). High-risk, high-reward strategy. <color=red>Aim for it with strong hands!</color>",プレイヤーの最初の2枚の合計が<color=red>9～11点</color>の場合、「ダブル」オプションが解放されます。 <color=red>ベットを2倍にし、1枚だけ追加カードを引いた後、自動的にスタンド</color>。  勝てば<color=red>報酬2倍</color>（ヒロインの脱衣加速！） 負ければ<color=red>損失2倍</color>（罰ゲームCGのリスク増）。 高リスク・高リターンの戦略です。<color=red>手札が強い時に狙おう！</color>,"플레이어의 처음 2장 카드 총점이 <color=red>9~11점</color>일 때, ""더블 다운(Double Down)"" 옵션이 해제됩니다. <color=red>베팅을 2배로 하고, 1장만 추가 카드를 뽑은 후 자동 스탠드</color>.  이기면 <color=red>보상 2배</color> (히로인 탈의 가속!) 지면 <color=red>손실 2배</color> (벌칙 CG 위험 증가). 고위험 고수익 전략. <color=red>강한 패일 때 노려보세요!</color>",玩家的前2张牌总点数为<color=red>9～11点</color>时，“加倍（Double Down）”选项解锁。 <color=red>下注翻倍，只加1张牌后自动停牌</color>。  胜出<color=red>奖励翻倍</color>（女主角脱衣加速！） 输掉<color=red>损失翻倍</color>（惩罚CG风险增加）。 高风险高回报的策略。<color=red>手牌强时值得一试！</color>
lang_e9f28152,,,"Assets/_StripCasino/Scenes/BJ_Mobile.unity
Canvas/TutorialPanel/Title_Setting/DoubleDown/Title/Text (Legacy)
language",,加倍,Double Down,ダブル,더블 다운,加倍
lang_8101b9a2,,,"Assets/_StripCasino/Scenes/BJ_Mobile.unity
Canvas/TutorialPanel/Title_Setting/Insurance/Context/Text (Legacy)
language",,荷官明牌為A時，可選擇是否購買保險。 保險金額：原下注金額的一半額外支付 ・若荷官為BJ → <color=red>保險以2:1賠付（本金＋利潤）</color> → <color=red>主注雖輸但總計持平（不虧）</color> ・若非BJ → <color=red>僅損失保險金（-一半）</color> → 繼續正常對局 <color=red>荷官BJ機率約30.8%</color>，不BJ的機率較高（<color=red>約69%</color>）,"When the dealer's upcard is A, you can choose to take Insurance. Insurance bet: Half of your original bet (added) ・If dealer has Blackjack (BJ) → <color=red>Insurance pays 2:1 (stake + profit)</color> → <color=red>Main bet loses but overall net 0 (break even)</color> ・If no BJ → <color=red>Only lose the insurance amount (-half)</color> → Main hand continues normally <color=red>Dealer has BJ ~30.8% of the time</color>, no BJ is more likely (<color=red>~69%</color>)",ディーラーの表向きカードがAの場合、保険を選択できます。 保険金額：ベットの半分を追加で支払い ・ディーラーがBJの場合 → <color=red>保険が2:1で払い戻し（本金＋利益）</color> → <color=red>メイン賭けは負けてもトータル0（損なし）</color> ・BJでない場合 → <color=red>保険分だけ失う（-半分）</color> → 通常の勝負続行 <color=red>BJになる確率は約30.8%</color>、しない確率の方が高い（<color=red>約69%</color>）,"딜러의 오픈 카드가 A일 때, 보험(Insurance)을 선택할 수 있습니다. 보험 금액: 원래 베팅의 절반을 추가 지불 ・딜러가 블랙잭(BJ)일 경우 → <color=red>보험 2:1 지급 (보험금 + 이익)</color> → <color=red>메인 베팅은 지지만 전체적으로 0 (손해 없음)</color> ・BJ가 아닐 경우 → <color=red>보험금만 잃음 (-절반)</color> → 일반 게임 계속 진행 <color=red>딜러 BJ 확률 약 30.8%</color>, BJ 아닌 확률이 더 높음 (<color=red>약 69%</color>)",荷官明牌为A时，可选择是否购买保险。 保险金额：原下注金额的一半额外支付 ・若荷官为BJ → <color=red>保险以2:1赔付（本金＋利润）</color> → <color=red>主注虽输但总计持平（不亏）</color> ・若非BJ → <color=red>仅损失保险金（-一半）</color> → 继续正常对局 <color=red>荷官BJ概率约30.8%</color>，不BJ的概率更高（<color=red>约69%</color>）
lang_0ad0511d,,,"Assets/_StripCasino/Scenes/BJ_Mobile.unity
Canvas/TutorialPanel/Title_Setting/Insurance/Title/Text (Legacy)
language",,保險,Insurance,インシュランス,인슈어런스,保险
lang_f6b0b83e,,,"Assets/_StripCasino/Scenes/BJ_Mobile.unity
Canvas/TutorialPanel/Title_Setting/Split/Context/Text (Legacy)
language",,相同數字的牌（例：8+8、Q+Q）出現時，可選的特別規則。 <color=red>將手牌分成2份，各自獨立玩</color>。  <color=red>支付額外下注</color>，各自選擇“要牌/停牌”。 兩份都勝<color=red>獎勵2倍</color>（脫衣機會增！） 輸掉<color=red>損失2倍</color>。 體驗版<color=red>僅限一次分割</color>。<color=red>相同數字對子強時有效</color>！,"Special rule when you get a pair of the same rank (e.g., 8+8, Q+Q). <color=red>Split your hand into 2 separate hands, played independently</color>.  <color=red>Pay an additional bet</color>, then Hit/Stand on each. Win both: <color=red>Double rewards</color> (more stripping chances!) Lose: <color=red>Double losses</color>. In the demo, <color=red>limited to one split per hand</color>. <color=red>Effective with strong pairs!</color>",同じ数字のカード（例：8＋8、Q＋Q）が来た場合に選べる特別ルール。 <color=red>手札を2つに分け、それぞれ独立してプレイ</color>。  <color=red>追加ベットを支払い</color>、それぞれ「ヒット／スタンド」を選べます。 2つとも勝てば<color=red>報酬2倍</color>（脱衣チャンス増！） 負ければ<color=red>損失2倍</color>。 体験版では<color=red>一度だけ分割可能</color>。<color=red>同じ数字のペアが強い時に有効</color>！,"같은 숫자의 카드(예: 8+8, Q+Q)가 올 때 선택 가능한 특별 규칙. <color=red>패를 2개로 나누어 각각 독립적으로 플레이</color>.  <color=red>추가 베팅 지불</color>, 각각 ""히트/스탠드"" 선택. 둘 다 이기면 <color=red>보상 2배</color> (탈의 기회 증가!) 지면 <color=red>손실 2배</color>. 체험판에서는 <color=red>한 번만 분할 가능</color>. <color=red>같은 숫자 페어가 강할 때 유효</color>!",相同数字的牌（例：8+8、Q+Q）出现时，可选的特别规则。 <color=red>将手牌分成2份，各自独立玩</color>。  <color=red>支付额外下注</color>，各自选择“要牌/停牌”。 两份都胜<color=red>奖励2倍</color>（脱衣机会增！） 输掉<color=red>损失2倍</color>。 体验版<color=red>仅限一次分割</color>。<color=red>相同数字对子强时有效</color>！
lang_b3c45141,,,"Assets/_StripCasino/Scenes/BJ_Mobile.unity
Canvas/TutorialPanel/Title_Setting/Split/Title/Text (Legacy)
language",,分牌,Split,スプリット,스플릿,分牌
lang_cef8aa56,,,"Assets/_StripCasino/Scenes/BJ_Mobile.unity
Canvas/TutorialPanel/Title_Setting/Introduce_Anto/Context/Text (Legacy)
language",,安托（Anto）：混沌隨機型女荷官 安托的<color=red>反制槽中等</color>，但增加數量<color=red>完全隨機</color>。 玩家使用物品時，安托不反制而是<color=red>偷取並逆向使用</color>（玩家+1 → 女荷官+1）。 從而導致<color=red>局面大亂</color>！可能對玩家有利也可能有害。 例：<color=red>玩家+5變成女荷官+5，女荷官爆牌逆轉勝</color>。 安托會用<color=red>幸運幣・厄運幣</color>微調數值，以微弱優勢獲勝。,"Amber (Anto): Chaotic Random Dealer Amber's <color=red>counter gauge is medium</color>, but the increase amount is <color=red>completely random</color>. When the player uses an item, Amber doesn't counter but <color=red>steals and uses it in reverse</color> (Player +1 → Dealer +1). This causes <color=red>total chaos</color>! It can benefit or harm the player. Example: <color=red>Player +5 becomes Dealer +5, causing dealer bust for a comeback win</color>. Amber uses <color=red>Lucky Coin / Unlucky Coin</color> to fine-tune her score and win by a slim margin.",アンバー（Anto）：混沌ランダム型ディーラー アンバーの<color=red>反制ゲージは中程度</color>、しかし増加量は<color=red>完全にランダム</color>。 プレイヤーがアイテム使用時、アンバーは反制せず<color=red>盗んで逆効果で使用</color>（プレイヤー+1 → ディーラー+1）。 これにより<color=red>局面が大混乱</color>！プレイヤーに有益な場合も有害な場合も。 例：<color=red>プレイヤー+5がディーラー+5になり、ディーラーバーストで逆転勝利</color>。 アンバーは<color=red>幸運コイン・不運コイン</color>などで数値を微調整し、僅差で勝利を掴む。 ,"앰버 (Anto): 혼돈 랜덤형 딜러 앰버의 <color=red>반제 게이지 중간</color>, 하지만 증가량은 <color=red>완전 랜덤</color>. 플레이어가 아이템 사용 시, 앰버는 반제하지 않고 <color=red>훔쳐 역효과로 사용</color> (플레이어 +1 → 딜러 +1). 이로 인해 <color=red>상황이 대혼란</color>! 플레이어에게 이로울 수도 해로울 수도. 예: <color=red>플레이어 +5가 딜러 +5로 바뀌어 딜러 버스트로 역전승</color>. 앰버는 <color=red>행운 코인 / 불운 코인</color>으로 수치를 미세 조정해 근소한 차이로 승리.",安托（Anto）：混乱随机型女荷官 安托的<color=red>反制槽中等</color>，但增加数量<color=red>完全随机</color>。 玩家使用物品时，安托不反制而是<color=red>偷取并逆向使用</color>（玩家+1 → 女荷官+1）。 从而导致<color=red>局面大乱</color>！可能对玩家有利也可能有害。 例：<color=red>玩家+5变成女荷官+5，女荷官爆牌逆转胜</color>。 安托会用<color=red>幸运币・厄运币</color>微调数值，以微弱优势获胜。
lang_d9053d69,,,"Assets/_StripCasino/Scenes/BJ_Mobile.unity
Canvas/TutorialPanel/Title_Setting/Introduce_Anto/Title/Text (Legacy)
language",,安托,Anto,アンバー,앰버,安托
lang_c957a20a,,,"Assets/_StripCasino/Scenes/BJ_Mobile.unity
Canvas/TutorialPanel/Title_Setting/Introduce_Hetty/Context/Text (Legacy)
language",,赫蒂（Hetty）：主動進攻型女荷官 赫蒂的<color=red>反制槽愛心不多</color>，但<color=red>恢復非常頻繁</color>。 赫蒂會用<color=red>藏寶圖殘片・均衡天平</color>等控制點數道具，確保每局獲勝。 玩家使用占卜類道具+要牌時，<color=red>赫蒂用匕首等替換玩家牌</color>。 大注對決時，<color=red>容易觸發赫蒂用道具，最好情況也強制平局</color>。,"Hetty: Aggressive Offensive Dealer Hedy's <color=red> counter gauge has few hearts</color>, but <color=red>recovers very frequently</color>. Hedy uses <color=red>Treasure Map Fragment / Balance Scale</color> to control points and win every round. When player uses divination items + Hit, <color=red>Hedy replaces player's cards with dagger etc.</color>. Big bet showdowns <color=red>easily trigger her items, best case forced draw</color>.",ヘディー（Hetty）：積極攻撃型ディーラー ヘディーの<color=red>反制ゲージのハートは少ない</color>、しかし<color=red>回復が非常に頻繁</color>。 ヘディーは<color=red>宝の地図の欠片・均衡の天秤</color>などで点数をコントロールし、毎局勝利を狙う。 プレイヤーが占卜系アイテム使用＋ヒット時、<color=red>短剣などでプレイヤーのカードを置き換え</color>。 大ベット対決時、<color=red>ヘディーのアイテム使用を誘発しやすく、最良でも強制引き分け</color>。,"헤디 (Hetty): 적극 공격형 딜러 헤디의 <color=red> 반제 게이지 하트 적음</color>, 하지만 <color=red>회복 매우 빈번</color>. 헤디는 <color=red>보물 지도 조각 / 균형 천평</color> 등으로 점수 조절해 매 판 승리. 플레이어 점술 아이템 사용 + 히트 시, <color=red>헤디가 단검 등으로 플레이어 카드 교체</color>. 대 베팅 대결 시, <color=red>헤디 아이템 유발 쉬움, 최선도 강제 무승부</color>.",赫蒂（Hetty）：主动进攻型女荷官 赫蒂的<color=red>反制槽爱心不多</color>，但<color=red>恢复非常频繁</color>。 赫蒂会用<color=red>藏宝图残片・均衡天平</color>等控制点数道具，确保每局获胜。 玩家使用占卜类道具+要牌时，<color=red>赫蒂用匕首等替换玩家牌</color>。 大注对决时，<color=red>容易触发赫蒂用道具，最好情况也强制平局</color>。
lang_0963a0f5,,,"Assets/_StripCasino/Scenes/BJ_Mobile.unity
Canvas/TutorialPanel/Title_Setting/Introduce_Hetty/Title/Text (Legacy)
language",,赫蒂,Hetty,ヘディー,헤디,赫蒂
lang_86d17f38,,,"Assets/_StripCasino/Scenes/BJ_Mobile.unity
Canvas/TutorialPanel/Title_Setting/Introduce_Alice/Context/Text (Legacy)
language",,愛麗絲（Alice）：防守反擊型女荷官 愛麗絲的<color=red>安心反制槽愛心比其他女荷官多</color>，但<color=red>恢復速度慢</color>。 愛麗絲<color=red>只使用回血道具</color>，玩家使用道具或停牌時會<color=red>反覆回血</color>。 愛麗絲<color=red>可能一直輸</color>，但玩家<color=red>始終無法擊敗她</color>，只會逐漸被<color=red>拖入賭局沼澤，慢慢耗乾金幣</color>。 ,"Alice: Defensive Counter-Attack Dealer Alice has <color=red>more hearts in her safe counter gauge than other dealers</color>, but <color=red>recovery is slow</color>. Alice <color=red>only uses healing items</color>, repeatedly healing when the player uses items or stands. Alice <color=red>may keep losing</color>, but the player <color=red>can never truly defeat her</color>, slowly getting <color=red>dragged into the gambling swamp and drained of gold coins</color>.",アリス（Alice）：防御反撃型ディーラー アリスの<color=red>反制ゲージのハートは他のディーラーより多い</color>、しかし<color=red>回復速度は遅い</color>。 アリスは<color=red>回復系アイテムしか使わず</color>、プレイヤーがアイテム使用やスタンド時に<color=red>繰り返し回復</color>を行う。 アリスは<color=red>ずっと負け続ける可能性が高い</color>が、プレイヤーは<color=red>決して倒せず</color>、徐々に<color=red>賭けの沼に引きずり込まれ、金貨をゆっくり枯渇させる</color>。,"앨리스 (Alice): 방어 반격형 딜러 앨리스의 <color=red>안심 반제 게이지 하트가 다른 딜러보다 많음</color>, 하지만 <color=red>회복 속도는 느림</color>. 앨리스는 <color=red>회복 아이템만 사용</color>, 플레이어가 아이템 사용이나 스탠드 시 <color=red>반복 회복</color>.앨리스는 <color=red>계속 질 가능성이 높음</color>이지만, 플레이어는 <color=red>절대 쓰러뜨릴 수 없고</color>, 점점 <color=red>도박의 늪에 끌려들어가 금화를 서서히 고갈</color>.",爱丽丝（Alice）：防守反击型女荷官 爱丽丝的<color=red>安心反制槽爱心比其他女荷官多</color>，但<color=red>恢复速度慢</color>。 爱丽丝<color=red>只使用回血道具</color>，玩家使用道具或停牌时会<color=red>反复回血</color>。 爱丽丝<color=red>可能一直输</color>，但玩家<color=red>始终无法击败她</color>，只会逐渐被<color=red>拖入赌局沼泽，慢慢耗干金币</color>。 
lang_a8fb1fd7,,,"Assets/_StripCasino/Scenes/BJ_Mobile.unity
Canvas/TutorialPanel/Title_Setting/Introduce_Alice/Title/Text (Legacy)
language",,愛麗絲,Alice,アリス,앨리스,爱丽丝
lang_32a8bae1,,,"Assets/_StripCasino/Scenes/BJ_Mobile.unity
Canvas/TutorialPanel/Title_Setting/Item/Context/GameObject/Context_1/Text (Legacy)
language",,【空瓶】/【白棋子】：令女荷官直接爆牌,【Empty Bottle】/【White Go Stone】：Force dealer to bust directly,【 空き瓶】/【白い駒】：ディーラーを直接バーストさせる,【빈병】/【백돌】：여성 딜러를 직접 버스트 시킴,【空瓶】/【白棋子】：令女荷官直接爆牌
lang_bb0913ba,,,"Assets/_StripCasino/Scenes/BJ_Mobile.unity
Canvas/TutorialPanel/Title_Setting/Item/Context/GameObject/Context_2/Text (Legacy)
language",,【魔眼石】/【占卜水晶】/【透視藥水】：清場,【Demon Eye Stone】/【Divination Crystal】/【Clairvoyance Potion】：Clear the table,【魔眼石】/【占い水晶】/【透視の薬】：場をクリアにする,【마안석】/【점괘 수정】/【투시 약수】：필드 클리어,【魔眼石】/【占卜水晶】/【透视药水】：清场
lang_aedda8c7,,,"Assets/_StripCasino/Scenes/BJ_Mobile.unity
Canvas/TutorialPanel/Title_Setting/Item/Context/GameObject/Context_3/Text (Legacy)
language",,清場後【匕首】/【魔眼藥水】＋抓牌：想要的牌到自己，不利的牌到對方,"After clear + 【Dagger】/【Demon Eye Potion】＋Draw：Desired card to self, bad card to opponent",場クリア後【短剣】/【魔眼薬水】＋ヒット：欲しい牌を自分に、不利な牌を相手に,"클리어 후 【단검】/【마안 약수】＋드로우：원하는 패는 자신에게, 불리한 패는 상대에게",清场后【匕首】/【魔眼药水】＋抓牌：想要的牌到自己，不利的牌到对方
lang_c4096c90,,,"Assets/_StripCasino/Scenes/BJ_Mobile.unity
Canvas/TutorialPanel/Title_Setting/Item/Context/GameObject/Context_4/Text (Legacy)
language",,【幸運幣】/【厄運幣】等：微調玩家點數,【Lucky Coin】/【Unlucky Coin】etc.：Fine-tune player's score,【幸運のコイン】/【厄運コイン】など：プレイヤーの点数を微調整,【행운 코인】/【불운 코인】등：플레이어 점수 미세 조정,【幸运币】/【厄运币】等：微调玩家点数
lang_7d7c3395,,,"Assets/_StripCasino/Scenes/BJ_Mobile.unity
Canvas/TutorialPanel/Title_Setting/Item/Context/GameObject/Context_5/Text (Legacy)
language",,【均衡徽章】：強制平局挽回損失 / 搭配【藏寶圖殘片】大膽要牌,【Balance Badge】：Force a push to avoid loss / Pair with 【Treasure Map Fragment】for bold hit,【均衡のバッジ】：強制引き分けで損失を回避  / 【宝の地図の断片】と併用で大胆にヒット,【균형 휘장】：강제 무승부로 손실 회복 / 【보물 지도 조각】과 함께 대담 히트,【均衡徽章】：强制平局挽回损失 / 搭配【藏宝图残片】大胆要牌
lang_3ddeabde,,,"Assets/_StripCasino/Scenes/BJ_Mobile.unity
Canvas/TutorialPanel/Title_Setting/Item/Context/GameObject/Context_6/Text (Legacy)
language",,穩贏局面下【皇室家徽】：擴大優勢,Stable win → 【Imperial Crest】：Expand advantage,安定勝利時【王室家紋】：優勢を拡大,안정 승리 시 【황실 가문 휘장】：우위 확대,稳赢局面下【皇室家徽】：扩大优势
lang_a73edaa4,,,"Assets/_StripCasino/Scenes/BJ_Mobile.unity
Canvas/TutorialPanel/Title_Setting/Item/Title/Text (Legacy)
language",,道具戰術,Item Tactics,アイテム戦術,아이템 전술,道具战术
lang_b9cc816d,,,"Assets/_StripCasino/Scenes/BJ_Mobile.unity
Canvas/MakeSureLeavePanel/Panel/insurance
language",,確定要離開嗎？,Are you sure you want to leave?,本当に退出しますか？,정말로 나가시겠습니까?,确定要离开吗？
lang_b4f411d4,,,"Assets/_StripCasino/Scenes/BJ_Mobile.unity
Canvas/MakeSureLeavePanel/Panel/YesButton/Yes
language",,是,Yes,はい,예,是
lang_cfd060c4,,,"Assets/_StripCasino/Scenes/BJ_Mobile.unity
Canvas/MakeSureLeavePanel/Panel/NoButton/NO
language",,否,NO,いいえ,아니오,否
lang_949b098d,,,"Assets/_StripCasino/Scenes/BJ_Mobile.unity
Canvas/PauseMenu/Pause
language",,暂停,PAUSE,一時停止,일시정지,暂停
lang_c8c91aed,,,"Assets/_StripCasino/Scenes/BJ_Mobile.unity
Canvas/PauseMenu/BackMenu/Text (Legacy)
language",,返回主選單,Return to Title,タイトルへ戻る,타이틀로 돌아가기,返回主菜单
lang_f9ca7951,,,"Assets/_StripCasino/Scenes/BJ_Mobile.unity
Canvas/PauseMenu/Title_Setting_BGM/Text (Legacy) (1)
language",,BGM,BGM,BGM,BGM,BGM
lang_36ab7e85,,,"Assets/_StripCasino/Scenes/BJ_Mobile.unity
Canvas/PauseMenu/Title_Setting_SE/Text (Legacy) (1)
language",,効果音,Sound Effect,効果音,효과음,效果音
lang_b3257d9c,,,"Assets/_StripCasino/Scenes/BJ_Mobile.unity
Canvas/PauseMenu/Title_Setting_Voice/Text (Legacy) (2)
language",,語音,Voice,ボイス,보이스,语音
lang_809cd062,,,"Assets/_StripCasino/Scenes/BJ_Mobile.unity
Canvas/WinPlane/Turns
language",,回合數:,Turns:,ターン数:,턴 수:,回合数:
lang_b74273ee,,,"Assets/_StripCasino/Scenes/BJ_Mobile.unity
Canvas/WinPlane/Revenue
language",,獲得金錢:,Revenue:,獲得金額:,획득 금액:,获得金钱:
lang_eff72ae9,,,"Assets/_StripCasino/Scenes/BJ_Mobile.unity
Canvas/WinPlane/ItemsUsed
language",,使用道具:,ItemsUsed:,アイテム:,아이템사용:,使用道具:
lang_1eecf4c7,,,"Assets/_StripCasino/Scenes/BJ_Mobile.unity
Canvas/WinPlane/Title_Button/Text (Legacy)
language",,继续,Continue,継続,계속하기,继续
lang_609778ef,,,"Assets/_StripCasino/Scenes/BJ_Mobile.unity
Canvas/InsurancePanel/Panel/insurance
language",,是否購買保險？,Do you want to insurance?,保険を購入しますか？,보험을 구입하시겠습니까?,是否购买保险？
lang_c56eaf42,,,"Assets/_StripCasino/Scenes/BJ_Mobile.unity
Canvas/InsurancePanel/Panel/YesButton/Yes
language",,是,Yes,はい,예,是
lang_4f74b482,,,"Assets/_StripCasino/Scenes/BJ_Mobile.unity
Canvas/InsurancePanel/Panel/NoButton/NO
language",,否,NO,いいえ,아니오,否
lang_487ec31b,,,"Assets/_StripCasino/Scenes/BJ_Mobile.unity
Canvas/InsurancePanel/Introduce/Text
language",,荷官明牌為A時，可選擇是否購買保險。 保險金額：原下注金額的一半額外支付 ・若荷官為BJ → <color=red>保險以2:1賠付（本金＋利潤）</color> → <color=red>主注雖輸但總計持平（不虧）</color> ・若非BJ → <color=red>僅損失保險金（-一半）</color> → 繼續正常對局 <color=red>荷官BJ機率約30.8%</color>，不BJ的機率較高（<color=red>約69%</color>）,"When the dealer's upcard is A, you can choose to take Insurance. Insurance bet: Half of your original bet (added) ・If dealer has Blackjack (BJ) → <color=red>Insurance pays 2:1 (stake + profit)</color> → <color=red>Main bet loses but overall net 0 (break even)</color> ・If no BJ → <color=red>Only lose the insurance amount (-half)</color> → Main hand continues normally <color=red>Dealer has BJ ~30.8% of the time</color>, no BJ is more likely (<color=red>~69%</color>)",ディーラーの表向きカードがAの場合、保険を選択できます。 保険金額：ベットの半分を追加で支払い ・ディーラーがBJの場合 → <color=red>保険が2:1で払い戻し（本金＋利益）</color> → <color=red>メイン賭けは負けてもトータル0（損なし）</color> ・BJでない場合 → <color=red>保険分だけ失う（-半分）</color> → 通常の勝負続行 <color=red>BJになる確率は約30.8%</color>、しない確率の方が高い（<color=red>約69%</color>）,"딜러의 오픈 카드가 A일 때, 보험(Insurance)을 선택할 수 있습니다. 보험 금액: 원래 베팅의 절반을 추가 지불 ・딜러가 블랙잭(BJ)일 경우 → <color=red>보험 2:1 지급 (보험금 + 이익)</color> → <color=red>메인 베팅은 지지만 전체적으로 0 (손해 없음)</color> ・BJ가 아닐 경우 → <color=red>보험금만 잃음 (-절반)</color> → 일반 게임 계속 진행 <color=red>딜러 BJ 확률 약 30.8%</color>, BJ 아닌 확률이 더 높음 (<color=red>약 69%</color>)",荷官明牌为A时，可选择是否购买保险。 保险金额：原下注金额的一半额外支付 ・若荷官为BJ → <color=red>保险以2:1赔付（本金＋利润）</color> → <color=red>主注虽输但总计持平（不亏）</color> ・若非BJ → <color=red>仅损失保险金（-一半）</color> → 继续正常对局 <color=red>荷官BJ概率约30.8%</color>，不BJ的概率更高（<color=red>约69%</color>）
lang_f83fe92c,,,"Assets/_StripCasino/Scenes/BJ_Mobile.unity
Background/Table/Card/PeekNextCard/Canvas/Text (Legacy)
language",,第一張,Top Card,一枚目,첫 장,第一张
lang_810aed64,,,"Assets/_StripCasino/Scenes/BJ_Mobile.unity
Background/Table/Card/PeekNextSecondCard/Canvas/Text (Legacy)
language",,第二張,Next Card,二枚目,두 번째,第二张
lang_95a6b9b9,,,"Assets/_StripCasino/Scenes/BJ_Mobile.unity
Background/Sign_SameScore/SmallCanvas/Text
language",,強制平局,Forced Draw,強制引き分け ,강제 무승부,强制平局
lang_afa43cc5,,,"Assets/_StripCasino/Scenes/BJ_Mobile.unity
Background/Sign_DoubleReward/SmallCanvas/Text
language",,獲勝雙倍獎勵,DoubleReward,勝利で報酬2倍,이 판 승리 시 보상 2배,获胜双倍奖励
lang_593f21d7,,,"Assets/_StripCasino/Scenes/BJ_Mobile.unity
Background/Sign_SwampRate/SmallCanvas/Text
language",,收益減少,WinningsReduced,獲得額減少,획득 금액 감소,收益减少
lang_b2bf16ce,,,"Assets/_StripCasino/Scenes/BJ_Mobile.unity
Background/SmallCanvas/FemaleDealerPanel_Anto/Diagol_Start_1_Anto/Text
language",,……今晚要不要帶我回家呀，不然我可能會被他們搶走呢……  ,"……Why don’t you take me home tonight? Otherwise, someone else might steal me away……",……今夜、アタシをお持ち帰りしない？じゃないと、誰かに取られちゃうかもよ？,……오늘 밤 나를 집에 데려가지 않을래? 안 그러면 누군가 나를 빼앗아 갈지도……,……今晚要不要带我回家呀，不然我可能会被他们抢走呢……  
lang_f3928f8d,,,"Assets/_StripCasino/Scenes/BJ_Mobile.unity
Background/SmallCanvas/FemaleDealerPanel_Anto/Diagol_Start_2_Anto/Text
language",,這場遊戲，你敢賭我嗎？贏了的話，今晚的獎勵可不僅僅是籌碼哦。,"Dare to gamble on me in this game? If you win, tonight's rewards won't just be chips.",このゲーム、アタシに賭ける勇気ある？勝ったら、今夜の報酬はチップだけじゃないよ～。,이 게임에서 저에게 베팅할 용기가 있나요? 이기면 오늘 밤의 보상은 칩만이 아닐 거예요.,这场游戏，你敢赌我吗？赢了的话，今晚的奖励可不仅仅是筹码哦。
lang_b1154ee4,,,"Assets/_StripCasino/Scenes/BJ_Mobile.unity
Background/SmallCanvas/FemaleDealerPanel_Anto/Diagol_Start_3_Anto/Text
language",,小心哦，我不只是會玩牌，還會玩點其他的小把戲。,"Be careful, I'm not just good at cards; I play other little tricks too.",気をつけて～。アタシはカードだけじゃなくって、トリックも使うからね。,"조심하세요, 저는 카드뿐만 아니라 다른 작은 속임수도 쓸 줄 압니다.",小心哦，我不只是会玩牌，还会玩点其他的小把戏。
lang_d8e72763,,,"Assets/_StripCasino/Scenes/BJ_Mobile.unity
Background/SmallCanvas/FemaleDealerPanel_Anto/Diagol_Start_4_Anto/Text
language",,贏了這局的話，我的全部……都讓你看唷♡,"If you win at this table, I’ll show you everything…♡",このテーブルで勝てば、アタシの全部……見せてあげる♡,"이 테이블에서 이기면, 내 모든 걸… 보여줄게요♡",赢了这局的话，我的全部……都给你看哦♡
lang_91947712,,,"Assets/_StripCasino/Scenes/BJ_Mobile.unity
Background/SmallCanvas/FemaleDealerPanel_Anto/Diagol_Start_5_Anto/Text
language",,哼哼～敢跟我玩，可要做好心理準備喔？,"Fufu… if you’re going to play with me, you’d better be prepared.",ふふっ……アタシとやるからにはそれなりの覚悟、あるよね？,"후후… 나랑 하려면, 그만한 각오쯤은 되어 있겠지?",哼哼～敢和我玩，可要做好心理准备哦？
lang_facaa3ad,,,"Assets/_StripCasino/Scenes/BJ_Mobile.unity
Background/SmallCanvas/FemaleDealerPanel_Anto/Diagol_PlayerWin_1_Anto/Text
language",,我才不難過啦！……我只是想著該給你什麼獎勵啦！,"I’m not upset, okay!? …I was just thinking of a good reward for you!",べ、別に悔しくなんかないし！……どんなご褒美もらえるか、考えてただけだからっ！,"절, 절대 아쉬운 거 아냐! …그냥 보상 생각하고 있었을 뿐이야!",我才不难过呢！……我只是在想该给你什么奖励罢了！
lang_a449196e,,,"Assets/_StripCasino/Scenes/BJ_Mobile.unity
Background/SmallCanvas/FemaleDealerPanel_Anto/Diagol_PlayerWin_2_Anto/Text
language",,故意贏就是為了看我脫衣服吧？……那下次我脫更快一點♡,"You won on purpose just to strip me, didn’t you? …Maybe I’ll undress faster next time♡",わざと勝って、アタシの服を狙ったんでしょ？……じゃ、次はもっと早く脱いじゃおっか♡,일부러 이긴 거지? 내가 옷 벗는 거 보고 싶어서… 그럼 다음엔 더 빨리 벗어줄까?♡,是故意赢了想看我脱衣服吧？……那下次我脱得更快♡
lang_dd0aa28f,,,"Assets/_StripCasino/Scenes/BJ_Mobile.unity
Background/SmallCanvas/FemaleDealerPanel_Anto/Diagol_PlayerWin_3_Anto/Text
language",,好啦好啦～聽你的囉，勝利者先生♡,"Alright, alright～ I’ll do as the winner says♡",は～い、勝者に従います♡,네네~ 승자의 명령에 따를게요♡,好啦好啦～听你的，胜利者先生♡
lang_a2913418,,,"Assets/_StripCasino/Scenes/BJ_Mobile.unity
Background/SmallCanvas/FemaleDealerPanel_Anto/Diagol_PlayerWin_4_Anto/Text
language",,哎呀～要是再連輸下去，我可就要脫光光了……,"Oh no～ If I keep losing like this, I’ll be totally stripped…",うわ～…このまま連敗したら全部脱がされちゃう…,"어머~ 이대로 지면, 전부 벗겨지겠네…",哎呀～要是再连输下去，我可就要脱光光了……
lang_9e509ab1,,,"Assets/_StripCasino/Scenes/BJ_Mobile.unity
Background/SmallCanvas/FemaleDealerPanel_Anto/Diagol_PlayerWin_5_Anto/Text
language",,喂！你剛剛只是運氣好吧！？,"Hey! That was just luck, wasn’t it!?",ちょっと！さっきのは運がよかっただけでしょ！？,잠깐! 방금 건 그냥 운이 좋았던 거잖아!? ,喂！你刚刚只是运气好啦！？
lang_34029104,,,"Assets/_StripCasino/Scenes/BJ_Mobile.unity
Background/SmallCanvas/FemaleDealerPanel_Anto/Diagol_PlayerLose_1_Anto/Text
language",,又輸了？你今天該不會是想被我欺負吧？那我就更狠一點囉～♡,Lost again? Are you secretly asking me to bully you today? Then I’ll go even harder♡,また負けたの？も～、今日はアタシにイジメられたい日なんだ？じゃ、もっといじめてあげる♡,또 졌어? 오늘 일부러 나한테 괴롭힘 당하고 싶은 거지? 그럼 더 괴롭혀줄게♡,又输了？你今天该不会是想让我欺负你吧？那我就更用力点咯～♡
lang_9ff6f28f,,,"Assets/_StripCasino/Scenes/BJ_Mobile.unity
Background/SmallCanvas/FemaleDealerPanel_Anto/Diagol_PlayerLose_2_Anto/Text
language",,你該不會是故意輸的吧？想被懲罰？,Did you lose on purpose? Just for a punishment game?,もしかしてわざと負けたの？罰ゲーム狙いだったりして～？,설마 일부러 진 거야? 벌칙 받고 싶어서?,你该不会是故意输的吧？想被惩罚？
lang_6735696e,,,"Assets/_StripCasino/Scenes/BJ_Mobile.unity
Background/SmallCanvas/FemaleDealerPanel_Anto/Diagol_PlayerLose_3_Anto/Text
language",,嘿嘿～你的手牌，比我昨天穿的內褲還少唷♡,Hehe～ Your hand looks smaller than my panties last night♡,ふふ～アンタの手札、アタシの昨日の下着より少ないんじゃない？♡,"후후~ 네 패, 어제 내가 입었던 팬티보다 적은 거 아니야?♡",嘿嘿～你手上的牌，好像比我昨天穿的内裤还少呢♡
lang_613ceab1,,,"Assets/_StripCasino/Scenes/BJ_Mobile.unity
Background/SmallCanvas/FemaleDealerPanel_Anto/Diagol_PlayerLose_4_Anto/Text
language",,哎呀～臉紅紅的，是不是在想我呀？,"Aww, your face is all red. Were you thinking about me?",あはっ、顔、赤～っ。……まさか、アタシのこと考えてた？,"어머, 얼굴 빨개졌네? 혹시 나 생각하고 있었어?",哎呀～你脸都红了，不会是在想我吧？
lang_657d8418,,,"Assets/_StripCasino/Scenes/BJ_Mobile.unity
Background/SmallCanvas/FemaleDealerPanel_Anto/Diagol_PlayerLose_5_Anto/Text
language",,哎～你原來這麼菜的嗎？這次輸要怎麼解釋呢？嘿嘿～♡,"Eh? Were you always this weak? How are you gonna explain that loss, hmm? ♡",え～？こんなに弱かったっけ？……ねぇ、今の負け、どう弁解するの？ふふっ♡,"어라~? 원래 이렇게 약했나? 이번 패배, 어떻게 해명할 거야? 후후♡",哎～你原来这么菜的吗？说说看，你怎么解释这次输？嘿嘿～♡
lang_03805f2d,,,"Assets/_StripCasino/Scenes/BJ_Mobile.unity
Background/SmallCanvas/FemaleDealerPanel_Anto/Diagol_LewdSound_PlayerWin_1_Anto/Text
language",,嗚呀♡ 輸掉了…♡,Ahh♡ I lost…♡,ひゃうっ♡ 負けちゃった…♡,히얏♡ 져버렸어…♡,呜呀♡ 输掉了…♡
lang_acfed4ee,,,"Assets/_StripCasino/Scenes/BJ_Mobile.unity
Background/SmallCanvas/FemaleDealerPanel_Anto/Diagol_LewdSound_PlayerWin_2_Anto/Text
language",,啊哈…可以…脫我了喔…♡,Aha… you can… undress me…♡,あはっ…脱がして…いいよ…♡,아하… 벗겨도… 괜찮아…♡,啊哈…可以…脱我了哦…♡
lang_e5c05e0f,,,"Assets/_StripCasino/Scenes/BJ_Mobile.unity
Background/SmallCanvas/FemaleDealerPanel_Anto/Diagol_LewdSound_PlayerWin_3_Anto/Text
language",,主人…現在就…抱我♡,Master… hold me… right now♡,マスター…今すぐ…抱いて♡,주인님… 지금 바로… 안아줘♡,主人…现在就…抱我♡
lang_6a18bb84,,,"Assets/_StripCasino/Scenes/BJ_Mobile.unity
Background/SmallCanvas/FemaleDealerPanel_Anto/Diagol_LewdSound_PlayerLose_1_Anto/Text
language",,嗯啊♡ 又贏了…,Nnh♡ I won again…,んあ♡ また勝っちゃった…,응아♡ 또 이겨버렸어…,嗯啊♡ 又赢了…
lang_d60d1d0f,,,"Assets/_StripCasino/Scenes/BJ_Mobile.unity
Background/SmallCanvas/FemaleDealerPanel_Anto/Diagol_LewdSound_PlayerLose_2_Anto/Text
language",,哈啊…其實想輸的…,Haa… I kinda wanted to lose…,はぁん…負けてほしかった…,하아… 지고 싶었는데…,哈啊…其实想输的…
lang_9d4b93ee,,,"Assets/_StripCasino/Scenes/BJ_Mobile.unity
Background/SmallCanvas/FemaleDealerPanel_Anto/Diagol_LewdSound_PlayerLose_3_Anto/Text
language",,看著吧…？ 我自己…來了…♡,Look…? I’m doing it… myself…♡,見て…？ 自分で…しちゃう…♡,봐…? 내가 직접… 하는 거…♡,看着吧…？ 我自己…来了…♡
lang_d412abac,,,"Assets/_StripCasino/Scenes/BJ_Mobile.unity
Background/SmallCanvas/FemaleDealerPanel_Hetty/Diagol_Start_1_Hetty/Text
language",,快點開始吧，結果馬上就會出來,Let’s get started. The result won’t take long,さっさと始めましょう。結果はすぐ出るわ,어서 시작하자. 결과는 금방 나올 거야,快点开始吧，结果马上就会出来
lang_fdda186d,,,"Assets/_StripCasino/Scenes/BJ_Mobile.unity
Background/SmallCanvas/FemaleDealerPanel_Hetty/Diagol_Start_2_Hetty/Text
language",,指望運氣？……太天真了,Relying on luck? …How naive,運に期待してる？……甘いわね,운에 기대고 있어? ……순진하네,指望运气？……太天真了
lang_654e075a,,,"Assets/_StripCasino/Scenes/BJ_Mobile.unity
Background/SmallCanvas/FemaleDealerPanel_Hetty/Diagol_Start_3_Hetty/Text
language",,讓我看看你能不能在這張桌子上活下來,Let’s see if you can survive at this table,このテーブルで生き残れるか、試してあげる,이 테이블에서 살아남을 수 있는지 보여줘,让我看看你能不能在这张桌子上活下来
lang_699a08e3,,,"Assets/_StripCasino/Scenes/BJ_Mobile.unity
Background/SmallCanvas/FemaleDealerPanel_Hetty/Diagol_Start_4_Hetty/Text
language",,贏了我會承認，輸了……也就那樣,"Win, and I’ll acknowledge you. Lose… that’s all",勝てば認める。負けたら……それだけよ,이기면 인정해 주지. 지면……그걸로 끝이야,赢了我会承认。输了……也就那样
lang_d22665d0,,,"Assets/_StripCasino/Scenes/BJ_Mobile.unity
Background/SmallCanvas/FemaleDealerPanel_Hetty/Diagol_Start_5_Hetty/Text
language",,丟掉無謂的幻想吧，我會讓你直視現實,Abandon your foolish illusions. I’ll show you reality,無駄な幻想は捨てなさい。現実を見せてあげる,쓸데없는 환상은 버려. 현실을 보여주지,丢掉无谓的幻想吧，我会让你看清现实
lang_e7c5f3b5,,,"Assets/_StripCasino/Scenes/BJ_Mobile.unity
Background/SmallCanvas/FemaleDealerPanel_Hetty/Diagol_PlayerWin_1_Hetty/Text
language",,……嘖，這一局是你贏了,…Tch. This round is yours,……チッ。今回はあなたの勝ち,……쳇. 이번 판은 네 승리야,……啧。这一局是你赢了
lang_e1a72494,,,"Assets/_StripCasino/Scenes/BJ_Mobile.unity
Background/SmallCanvas/FemaleDealerPanel_Hetty/Diagol_PlayerWin_2_Hetty/Text
language",,我承認，那一手並不差,I’ll admit it—that move wasn’t bad,認めるわ。今の一手は悪くなかった,인정할게. 방금 수는 나쁘지 않았어,我承认，那一手并不差
lang_0864dfc7,,,"Assets/_StripCasino/Scenes/BJ_Mobile.unity
Background/SmallCanvas/FemaleDealerPanel_Hetty/Diagol_PlayerWin_3_Hetty/Text
language",,不只是運氣……你多少有點實力,Not just luck… you’ve got some skill,運だけじゃない……少しはやるようね,운만은 아니야……제법 하네,不只是运气……你多少有点本事
lang_35bcd196,,,"Assets/_StripCasino/Scenes/BJ_Mobile.unity
Background/SmallCanvas/FemaleDealerPanel_Hetty/Diagol_PlayerWin_4_Hetty/Text
language",,別得意忘形，下次我不會手下留情,Don’t get cocky. I won’t go easy next time,調子に乗らないことね。次は容赦しない,자만하지 마. 다음엔 봐주지 않아,别得意忘形。下次我可不会留情
lang_ad024049,,,"Assets/_StripCasino/Scenes/BJ_Mobile.unity
Background/SmallCanvas/FemaleDealerPanel_Hetty/Diagol_PlayerWin_5_Hetty/Text
language",,別滿足於這種程度，目光放遠一點,Don’t settle for this. Aim higher,この程度で満足しないで。もっと上を見なさい,"이 정도로 만족하지 말고, 더 위를 봐",别满足于这种程度，目光放高一点
lang_02be7ee6,,,"Assets/_StripCasino/Scenes/BJ_Mobile.unity
Background/SmallCanvas/FemaleDealerPanel_Hetty/Diagol_PlayerLose_1_Hetty/Text
language",,理所當然的結果,An obvious outcome,当然の結果ね,당연한 결과지,理所当然的结果
lang_780f3b1b,,,"Assets/_StripCasino/Scenes/BJ_Mobile.unity
Background/SmallCanvas/FemaleDealerPanel_Hetty/Diagol_PlayerLose_2_Hetty/Text
language",,看著都讓人感到無聊,It was boring to watch,見ていて退屈だったわ,보고 있기에도 지루했어,看着都让人无聊
lang_163c4648,,,"Assets/_StripCasino/Scenes/BJ_Mobile.unity
Background/SmallCanvas/FemaleDealerPanel_Hetty/Diagol_PlayerLose_3_Hetty/Text
language",,用這種實力下注，會輸也是必然,Betting with that level of skill—of course this happens,その実力で賭けるから、こうなるの,그 실력으로 베팅하니 이렇게 되는 거야,就这点实力还敢下注，当然会这样
lang_524f80c5,,,"Assets/_StripCasino/Scenes/BJ_Mobile.unity
Background/SmallCanvas/FemaleDealerPanel_Hetty/Diagol_PlayerLose_4_Hetty/Text
language",,藉口？……啊，不需要了,"Any excuses? …No, none needed",言い訳は？……ああ、いらないわね,"변명? ……아, 필요 없겠네",借口？……啊，不需要了
lang_93797dd2,,,"Assets/_StripCasino/Scenes/BJ_Mobile.unity
Background/SmallCanvas/FemaleDealerPanel_Hetty/Diagol_PlayerLose_5_Hetty/Text
language",,下次再來之前，先變強一點吧,Come back only after you’ve gotten stronger,次に来るなら、少しは強くなってからにしなさい,다음에 올 땐 조금 더 강해져서 와,下次再来之前，先变强一点吧
lang_a259e969,,,"Assets/_StripCasino/Scenes/BJ_Mobile.unity
Background/SmallCanvas/FemaleDealerPanel_Hetty/Diagol_LewdSound_PlayerWin_1_Hetty/Text
language",,呃…♡ 又輸了…,Ngh…♡ I lost again…,くっ…♡ また負けた…,큿…♡ 또 졌어…,呃…♡ 又输了…
lang_ce317158,,,"Assets/_StripCasino/Scenes/BJ_Mobile.unity
Background/SmallCanvas/FemaleDealerPanel_Hetty/Diagol_LewdSound_PlayerWin_2_Hetty/Text
language",,哈啊…把我…弄髒吧…♡,Haa… defile me…♡,はぁ…私を…穢して…♡,하아… 나를… 더럽혀줘…♡,哈啊…把我…弄脏吧…♡
lang_a284e12b,,,"Assets/_StripCasino/Scenes/BJ_Mobile.unity
Background/SmallCanvas/FemaleDealerPanel_Hetty/Diagol_LewdSound_PlayerWin_3_Hetty/Text
language",,我承認…我…輸給你了…♡,I admit it… I lost… to you…♡,認める…あなたに…負けて…♡,인정해… 너한테… 졌어…♡,我承认…我…输给你了…♡
lang_dbbb21ba,,,"Assets/_StripCasino/Scenes/BJ_Mobile.unity
Background/SmallCanvas/FemaleDealerPanel_Hetty/Diagol_LewdSound_PlayerLose_1_Hetty/Text
language",,呼啊♡ 贏了…,Ahh♡ I won…,ふぁ♡ 勝っちゃった…,후아♡ 이겨버렸어…,呼啊♡ 赢了…
lang_5e74cadf,,,"Assets/_StripCasino/Scenes/BJ_Mobile.unity
Background/SmallCanvas/FemaleDealerPanel_Hetty/Diagol_LewdSound_PlayerLose_2_Hetty/Text
language",,都流出來了…看到了嗎…？,It’s overflowing… see…?,溢れてる…見て…？,흘러넘쳐… 보여…?,都流出来了…看到了吗…？
lang_40cb7a8c,,,"Assets/_StripCasino/Scenes/BJ_Mobile.unity
Background/SmallCanvas/FemaleDealerPanel_Hetty/Diagol_LewdSound_PlayerLose_3_Hetty/Text
language",,下次…我會故意輸的…♡,Next time… I’ll lose on purpose…♡,次は…わざと負けて…♡,다음엔… 일부러 질게…♡,下次…我会故意输的…♡
lang_855b0540,,,"Assets/_StripCasino/Scenes/BJ_Mobile.unity
Background/SmallCanvas/FemaleDealerPanel_Alice/Diagol_Start_1_Alice/Text
language",,規則都理解了吧？……那麼，開始吧,"You understand the rules, yes? …Then let’s begin",ルールは理解していますよね？……では、始めましょう ,규칙은 이해하셨죠? ……그럼 시작하죠,规则已经理解了吧？……那么，开始吧
lang_bff3b665,,,"Assets/_StripCasino/Scenes/BJ_Mobile.unity
Background/SmallCanvas/FemaleDealerPanel_Alice/Diagol_Start_2_Alice/Text
language",,這一局的結果，會改變立場……做好心理準備了嗎？,This match may change our positions… are you ready?,この勝負、結果次第で立場が変わります……覚悟は？,이 승부의 결과로 입장이 바뀔 수도 있어요……각오는 됐나요?,这一局的结果，会改变立场……有心理准备吗？
lang_a128b4d6,,,"Assets/_StripCasino/Scenes/BJ_Mobile.unity
Background/SmallCanvas/FemaleDealerPanel_Alice/Diagol_Start_3_Alice/Text
language",,卡牌不會說謊，做出判斷的是你,Cards don’t lie. The decision is yours,カードに嘘はつきません。判断するのはあなたです,카드는 거짓말을 하지 않아요. 판단하는 건 당신이에요,卡牌不会说谎，做出判断的是你
lang_e5e4180b,,,"Assets/_StripCasino/Scenes/BJ_Mobile.unity
Background/SmallCanvas/FemaleDealerPanel_Alice/Diagol_Start_4_Alice/Text
language",,贏了的話……相應的獎勵，也不是不能考慮,If you win… a suitable reward isn’t out of the question,勝てば……それ相応のご褒美も、考えなくはありません,이긴다면……그에 걸맞은 보상도 생각해 볼 수 있겠죠,赢了的话……相应的奖励，也不是不能考虑
lang_25728d2c,,,"Assets/_StripCasino/Scenes/BJ_Mobile.unity
Background/SmallCanvas/FemaleDealerPanel_Alice/Diagol_Start_5_Alice/Text
language",,這是公平的對決，……別留下遺憾,A fair game. …No regrets,公正な勝負です。……後悔のないように,공정한 승부입니다. ……후회 없도록 하세요,这是公平的对决。……别留下遗憾
lang_e3133fa5,,,"Assets/_StripCasino/Scenes/BJ_Mobile.unity
Background/SmallCanvas/FemaleDealerPanel_Alice/Diagol_PlayerWin_1_Alice/Text
language",,……精彩，這一局是你贏了,…Well done. This round goes to you,……お見事です。今回はあなたの勝ちですね,……훌륭해요. 이번 판은 당신의 승리네요,……漂亮，看来这一局是你赢了
lang_8ec9b280,,,"Assets/_StripCasino/Scenes/BJ_Mobile.unity
Background/SmallCanvas/FemaleDealerPanel_Alice/Diagol_PlayerWin_2_Alice/Text
language",,不只是運氣，判斷也很到位,It wasn’t just luck—your judgment was sound,運だけではありません……きちんとした判断でした,운만은 아니에요……판단이 정확했어요,不仅是运气……判断也很到位
lang_9729931f,,,"Assets/_StripCasino/Scenes/BJ_Mobile.unity
Background/SmallCanvas/FemaleDealerPanel_Alice/Diagol_PlayerWin_3_Alice/Text
language",,按照約定，勝者的權利我會承認,"As promised, I acknowledge the winner’s rights",約束通りです。勝者の権利、認めます,"약속대로, 승자의 권리를 인정할게요",按照约定，胜者的权利我会承认
lang_effd17d2,,,"Assets/_StripCasino/Scenes/BJ_Mobile.unity
Background/SmallCanvas/FemaleDealerPanel_Alice/Diagol_PlayerWin_4_Alice/Text
language",,稍微……有點不甘心，不過規則如此,"I’m a little… frustrated, but rules are rules",少し……悔しいですが、ルールですから,"조금……분하지만, 규칙이니까요",稍微……有点不甘心，不过规则如此
lang_0e6d6ac1,,,"Assets/_StripCasino/Scenes/BJ_Mobile.unity
Background/SmallCanvas/FemaleDealerPanel_Alice/Diagol_PlayerWin_5_Alice/Text
language",,下一次……可不會那麼簡單了喔？,Next time… it won’t be so easy,次は……簡単にはいきませんよ？,다음엔……쉽지 않을 거예요?,下一次……可不会这么简单了哦？
lang_7fbe8096,,,"Assets/_StripCasino/Scenes/BJ_Mobile.unity
Background/SmallCanvas/FemaleDealerPanel_Alice/Diagol_PlayerLose_1_Alice/Text
language",,……很遺憾，這一局是我贏了,"…Unfortunate. This time, I win",……残念です。今回は私の勝ちですね,……아쉽네요. 이번엔 제가 이겼어요,……很遗憾，这一局是我赢了
lang_1f2fa89f,,,"Assets/_StripCasino/Scenes/BJ_Mobile.unity
Background/SmallCanvas/FemaleDealerPanel_Alice/Diagol_PlayerLose_2_Alice/Text
language",,那個判斷，或許稍微有些草率,That decision may have been a bit careless,その判断、少し甘かったかもしれません,그 판단은 조금 성급했을지도 모르겠어요,那个判断，或许稍微有些草率
lang_16cfc800,,,"Assets/_StripCasino/Scenes/BJ_Mobile.unity
Background/SmallCanvas/FemaleDealerPanel_Alice/Diagol_PlayerLose_3_Alice/Text
language",,輸了就是輸了，下次好好利用吧,A loss is a loss—learn from it,負けは負けです。次に活かしましょう,패배는 패배죠. 다음에 살리세요,输了就是输了，下次再加以利用吧
lang_96738041,,,"Assets/_StripCasino/Scenes/BJ_Mobile.unity
Background/SmallCanvas/FemaleDealerPanel_Alice/Diagol_PlayerLose_4_Alice/Text
language",,焦躁，已經表現在你的手牌上了,Your impatience showed in your hand,焦りが、手札に出ていましたよ？,초조함이 패에 드러났어요,焦躁，已经写在你的手牌上了
lang_78032d52,,,"Assets/_StripCasino/Scenes/BJ_Mobile.unity
Background/SmallCanvas/FemaleDealerPanel_Alice/Diagol_PlayerLose_5_Alice/Text
language",,……還沒結束，挑戰依然可以繼續,…It’s not over yet. You can still challenge again,……まだ終わりではありません。挑戦は続けられます,……아직 끝나지 않았어요. 도전은 계속할 수 있어요,……还没结束。挑战依然可以继续
lang_8f1ee48d,,,"Assets/_StripCasino/Scenes/BJ_Mobile.unity
Background/SmallCanvas/FemaleDealerPanel_Alice/Diagol_LewdSound_PlayerWin_1_Alice/Text
language",,嗚呀♡ 我輸了…♡,Ahh♡ I lost…♡,ひゃあん♡ 負けました…♡,히얀♡ 졌어요…♡,呜呀♡ 我输了…♡
lang_ef2a47a8,,,"Assets/_StripCasino/Scenes/BJ_Mobile.unity
Background/SmallCanvas/FemaleDealerPanel_Alice/Diagol_LewdSound_PlayerWin_2_Alice/Text
language",,全部…都給你…抱我…,I’ll give you… everything… hold me…,全部…あげます…抱いて…,전부… 드릴게요… 안아줘요…,全部…都给你…抱我…
lang_a8f362c7,,,"Assets/_StripCasino/Scenes/BJ_Mobile.unity
Background/SmallCanvas/FemaleDealerPanel_Alice/Diagol_LewdSound_PlayerWin_3_Alice/Text
language",,好開心…屬於你的…♡,I’m happy… to be yours…♡,嬉しい…あなたの…もの…♡,기뻐요… 당신의… 것이에요…♡,好开心…属于你的…♡
lang_e9cec7ae,,,"Assets/_StripCasino/Scenes/BJ_Mobile.unity
Background/SmallCanvas/FemaleDealerPanel_Alice/Diagol_LewdSound_PlayerLose_1_Alice/Text
language",,啊…♡ 我贏了…,Ah…♡ I won…,あっ…♡ 勝っちゃいました…,아…♡ 이겨버렸어요…,啊…♡ 我赢了…
lang_773ffeb7,,,"Assets/_StripCasino/Scenes/BJ_Mobile.unity
Background/SmallCanvas/FemaleDealerPanel_Alice/Diagol_LewdSound_PlayerLose_2_Alice/Text
language",,都濕透了…對不起…,I’m all wet… I’m sorry…,びしょびしょ…です…ごめんなさい…,흠뻑 젖었어요… 미안해요…,都湿透了…对不起…
lang_d566ccd8,,,"Assets/_StripCasino/Scenes/BJ_Mobile.unity
Background/SmallCanvas/FemaleDealerPanel_Alice/Diagol_LewdSound_PlayerLose_3_Alice/Text
language",,下次…讓我輸吧…拜託♡,Next time… let me lose… please♡,次は…負けさせて…お願い♡,다음엔… 지게 해줘요… 부탁해요♡,下次…让我输吧…求你了♡
lang_d2233f21,,,"Assets/_StripCasino/Scenes/Lobby.unity
Canvas/LobbyPanel/Title/Buttton/Title_Button_GameStart/Text (Legacy)
language",,開始遊戲,Start Game,ゲーム開始,게임 시작,开始游戏
lang_05dcac30,,,"Assets/_StripCasino/Scenes/Lobby.unity
Canvas/LobbyPanel/Title/Buttton/Title_Button_HowToPlay/Text (Legacy)
language",,玩法說明,How to Play,遊び方,게임 방법,玩法说明
lang_810d50a3,,,"Assets/_StripCasino/Scenes/Lobby.unity
Canvas/LobbyPanel/Title/Buttton/Title_Button_Setting/Text (Legacy)
language",,設定,Setting,設定,설정,设置
lang_76a22e57,,,"Assets/_StripCasino/Scenes/Lobby.unity
Canvas/LobbyPanel/Title/Buttton/Title_Button_CG/Text (Legacy)
language",,CG,CG,CG,CG,CG
lang_7cc46cd0,,,"Assets/_StripCasino/Scenes/Lobby.unity
Canvas/LobbyPanel/Title/Buttton/Title_Button_Quit/Text (Legacy)
language",,退出遊戲,Quit Game,ゲームを終了,게임 종료,退出游戏
lang_e10ee7a9,,,"Assets/_StripCasino/Scenes/Lobby.unity
Canvas/LobbyPanel/Title/Title_Setting/Title_Setting_System/Text (Legacy)
language",,系統設定,System Setting,システム設定,시스템 설정,系统设置
lang_8cbf4358,,,"Assets/_StripCasino/Scenes/Lobby.unity
Canvas/LobbyPanel/Title/Title_Setting/Title_Setting_Audio/Text (Legacy)
language",,聲音,Sound,音声,소리,声音
lang_a9867c84,,,"Assets/_StripCasino/Scenes/Lobby.unity
Canvas/LobbyPanel/Title/Title_Setting/Title_Setting_Display/Text (Legacy)
language",,遊戲顯示,Game Display,ゲーム表示,게임 디스플레이,游戏显示
lang_568edd21,,,"Assets/_StripCasino/Scenes/Lobby.unity
Canvas/LobbyPanel/Title/Title_Setting/Title_Setting_Operation/Text (Legacy)
language",,操作設定,Operation Setting,操作設定,조작 설정,操作设置
lang_988c6386,,,"Assets/_StripCasino/Scenes/Lobby.unity
Canvas/LobbyPanel/Title/Title_Setting/System/MinimizeToSystemTray/Text (Legacy)
language",,最小化時收納至系統匣,Minimize to System Tray,最小化時にタスクトレイへ格納,최소화 시 트레이로 이동,最小化时收入托盘
lang_5e655e28,,,"Assets/_StripCasino/Scenes/Lobby.unity
Canvas/LobbyPanel/Title/Title_Setting/System/ResetWindowSize/Text (Legacy)
language",,初始化視窗大小,Reset Window Size,ウィンドウサイズを初期化,창 크기 초기화,窗口大小初始化
lang_530602c9,,,"Assets/_StripCasino/Scenes/Lobby.unity
Canvas/LobbyPanel/Title/Title_Setting/System/DisplayMode/Text (Legacy)
language",,畫面顯示方式,Display Mode,画面表示方法,게임 화면 크기 자유 변경,画面显示方法
lang_c7be2a9d,,,"Assets/_StripCasino/Scenes/Lobby.unity
Canvas/LobbyPanel/Title/Title_Setting/System/Show/Text (Legacy)
language",,畫面,Screen,画面,화면,画面
lang_c26e7aaf,,,"Assets/_StripCasino/Scenes/Lobby.unity
Canvas/LobbyPanel/Title/Title_Setting/System/DeleteDate/Text (Legacy)
language",,恢復預設設定,Restore Defaults,設定を初期化,기본값으로 초기화,恢复默认设置
lang_5e2d450f,,,"Assets/_StripCasino/Scenes/Lobby.unity
Canvas/LobbyPanel/Title/Title_Setting/System/VE/DisplayMode/Text (Legacy)
language",,畫面顯示方式,Display Mode,画面表示方法,화면 표시 방식,画面显示方法
lang_27858650,,,"Assets/_StripCasino/Scenes/Lobby.unity
Canvas/LobbyPanel/Title/Title_Setting/System/VE/AllowBackgroundRunning/Text (Legacy)
language",,允許背景運行,Allow Resizing Game Window,バックグラウンド実行を許可,백그라운드 실행 허용,允许后台运行
lang_019b9397,,,"Assets/_StripCasino/Scenes/Lobby.unity
Canvas/LobbyPanel/Title/Title_Setting/System/Title_Setting_Text/Text (Legacy) (1)
language",,解析度設定,Resolution,解像度設定,해상도 설정,分辨率设置
lang_7c50c032,,,"Assets/_StripCasino/Scenes/Lobby.unity
Canvas/LobbyPanel/Title/Title_Setting/Audio/Show/Text (Legacy)
language",,聲音,Sound,音声,소리,声音
lang_d29ab929,,,"Assets/_StripCasino/Scenes/Lobby.unity
Canvas/LobbyPanel/Title/Title_Setting/Audio/Title_Setting_Audio/Text (Legacy) (1)
language",,主音量,Master Volume,マスターボリューム,마스터 볼륨,主音量
lang_bdbb9e9d,,,"Assets/_StripCasino/Scenes/Lobby.unity
Canvas/LobbyPanel/Title/Title_Setting/Audio/Title_Setting_BGM/Text (Legacy) (1)
language",,BGM,BGM,BGM,BGM,BGM
lang_80bb8e91,,,"Assets/_StripCasino/Scenes/Lobby.unity
Canvas/LobbyPanel/Title/Title_Setting/Audio/Title_Setting_SE/Text (Legacy) (1)
language",,効果音,Sound Effect,効果音,효과음,效果音
lang_e4513cb1,,,"Assets/_StripCasino/Scenes/Lobby.unity
Canvas/LobbyPanel/Title/Title_Setting/Audio/Title_Setting_Voice/Text (Legacy) (1)
language",,語音,Voice,ボイス,보이스,语音
lang_acebbc36,,,"Assets/_StripCasino/Scenes/Lobby.unity
Canvas/LobbyPanel/Title/Title_Setting/DIsplay/Show/Text (Legacy)
language",,文字,Text,テキスト,텍스트,文字
lang_e6d5d7f5,,,"Assets/_StripCasino/Scenes/Lobby.unity
Canvas/LobbyPanel/Title/Title_Setting/DIsplay/Title_Setting_Audio/Text (Legacy) (1)
language",,文字顯示速度,Text Display Speed,テキスト表示速度,텍스트 표시 속도,文字显示速度
lang_1a0ed0bc,,,"Assets/_StripCasino/Scenes/Lobby.unity
Canvas/LobbyPanel/Title/Title_Setting/DIsplay/Title_Setting_Text/Text (Legacy) (1)
language",,語言,Language,言語,언어,语言
lang_17e90851,,,"Assets/_StripCasino/Scenes/Lobby.unity
Canvas/LobbyPanel/Title/Title_Setting/DIsplay/Title_Setting_Text/Title_Setting_Text/Text (Legacy) (2)
language",,繁體中文,English,日本語,한국어,简体中文
lang_4b20d06b,,,"Assets/_StripCasino/Scenes/Lobby.unity
Canvas/LobbyPanel/Title/Title_Setting/Operation/ReSet/Text (Legacy)
language",,恢復預設,Restore,リセット,기본값,还原默认
lang_6756b675,,,"Assets/_StripCasino/Scenes/Lobby.unity
Canvas/LobbyPanel/Title/Title_Setting/Operation/Hit/Text (Legacy)
language",,摸牌,Hit,ヒット,히트,摸牌
lang_2f06d71a,,,"Assets/_StripCasino/Scenes/Lobby.unity
Canvas/LobbyPanel/Title/Title_Setting/Operation/Stand/Text (Legacy)
language",,停牌,Stand,スタンド,스탠드,停牌
lang_a95a7c87,,,"Assets/_StripCasino/Scenes/Lobby.unity
Canvas/LobbyPanel/Title/Title_Setting/Operation/Double Down/Text (Legacy)
language",,籌碼翻倍,Double Down,ダブルダウン,더블 다운,筹码翻倍
lang_84f0c143,,,"Assets/_StripCasino/Scenes/Lobby.unity
Canvas/LobbyPanel/Title/Title_Setting/Operation/Skip/Text (Legacy)
language",,跳過,Skip,スキップ,스킵,跳过
lang_22e892da,,,"Assets/_StripCasino/Scenes/Lobby.unity
Canvas/LobbyPanel/Title/Title_Setting/Operation/Confirm/Text (Legacy)
language",,確認,Confirm,確認,확인,确认
lang_3d121fff,,,"Assets/_StripCasino/Scenes/Lobby.unity
Canvas/LobbyPanel/Title/Title_Setting/Operation/Back/Text (Legacy)
language",,後退,Back,バック,뒤로,后退
lang_a22f1a45,,,"Assets/_StripCasino/Scenes/Lobby.unity
Canvas/LobbyPanel/CG_Thumbnail_Menu/Gallery
language",,CG回想屋,Gallery,回想部屋,회상방,CG回想屋
lang_c0fd1a94,,,"Assets/_StripCasino/Scenes/Lobby.unity
Canvas/LobbyPanel/Save_Menu/SaveTitle
language",,讀取存檔,Load Game,セーブデータ読込,불러오기,读取存档
lang_aec1290a,,,"Assets/_StripCasino/Scenes/Lobby.unity
Canvas/LobbyPanel/Save_Menu/MakeSureDeleteDateMenu/Text (Legacy) (1)
language",,確定刪除存檔嗎？,Are you sure you want to delete the save data?,セーブデータを削除してもよろしいですか？,저장 파일을 삭제하시겠습니까?,确定删除存档吗？
lang_1fb20b44,,,"Assets/_StripCasino/Scenes/Lobby.unity
Canvas/LobbyPanel/Save_Menu/MakeSureDeleteDateMenu/Yes/Text (Legacy)
language",,是,Yes,はい,예,是
lang_7c015573,,,"Assets/_StripCasino/Scenes/Lobby.unity
Canvas/LobbyPanel/Save_Menu/SaveNameMenu/Background/Text (Legacy) (1)
language",,請輸入男主角名稱,Please enter the protagonist's name,主人公の名前を入力してください,남자 주인공의 이름을 입력하세요,请输入男主角名称
lang_50144e06,,,"Assets/_StripCasino/Scenes/Lobby.unity
Canvas/LobbyPanel/Save_Menu/SaveNameMenu/Yes/Text (Legacy)
language",,是,Yes,はい,예,是
lang_997d3266,,,"Assets/_StripCasino/Scenes/Lobby.unity
Canvas/LobbyPanel/TutorialPanel/Title_Setting/All/BasicRule/Text (Legacy)
language",,基本規則(Basic Rules),Basic Rules, 基本ルール (Basic Rules),기본 규칙(Basic Rules),基本规则(Basic Rules)
lang_7f828351,,,"Assets/_StripCasino/Scenes/Lobby.unity
Canvas/LobbyPanel/TutorialPanel/Title_Setting/All/DoubleDown/Text (Legacy)
language",,加倍（Double Down）,Double Down,ダブル（Double Down）,더블 다운 (Double Down),加倍（Double Down）
lang_44984cf2,,,"Assets/_StripCasino/Scenes/Lobby.unity
Canvas/LobbyPanel/TutorialPanel/Title_Setting/All/Insurance/Text (Legacy)
language",,保險（Insurance）,Insurance,インシュランス（Insurance）,인슈어런스 (Insurance),保险（Insurance）
lang_329d6cce,,,"Assets/_StripCasino/Scenes/Lobby.unity
Canvas/LobbyPanel/TutorialPanel/Title_Setting/All/Split/Text (Legacy)
language",,分牌（Split）,Split,スプリット（Split）,스플릿 (Split),分牌（Split）
lang_7f9f538e,,,"Assets/_StripCasino/Scenes/Lobby.unity
Canvas/LobbyPanel/TutorialPanel/Title_Setting/All/Introduce_Anto/Text (Legacy)
language",,安托（Anto）,Anto,アンバー（Anto）,앰버 (Anto),安托（Anto）
lang_451fbafa,,,"Assets/_StripCasino/Scenes/Lobby.unity
Canvas/LobbyPanel/TutorialPanel/Title_Setting/All/Introduce_Hetty/Text (Legacy)
language",,赫蒂（Hetty）,Hetty,ヘディー（Hetty）,헤디 (Hetty),赫蒂（Hetty）
lang_a6366548,,,"Assets/_StripCasino/Scenes/Lobby.unity
Canvas/LobbyPanel/TutorialPanel/Title_Setting/All/Introduce_Alice/Text (Legacy)
language",,愛麗絲（Alice）,Alice,アリス（Alice）,앨리스 (Alice),爱丽丝（Alice）
lang_e91d29cf,,,"Assets/_StripCasino/Scenes/Lobby.unity
Canvas/LobbyPanel/TutorialPanel/Title_Setting/All/Item/Text (Legacy)
language",,道具戰術,Item Tactics,アイテム戦術,아이템 전술,道具战术
lang_2af6fba6,,,"Assets/_StripCasino/Scenes/Lobby.unity
Canvas/LobbyPanel/TutorialPanel/Title_Setting/BasicRule/Context/Text (Legacy)
language",,起初，玩家和莊家（女主角）各發2張牌。玩家的牌全公開，莊家有一張牌是蓋着的。 玩家可以選擇“要牌（Hit）”或“停牌（Stand）”。  要牌：加1張牌，讓總點數接近21點。<color=red>但如果總點數超過22點，即爆牌（輸）。</color> 停牌：停止加牌，轉到莊家回合。  莊家<color=red>總點數低於17點必須繼續要牌</color>。達到17點以上自動停牌。 最終，<color=red>未爆牌且點數最接近21點的一方獲勝</color>！（正好21點為黑傑克，特別獎勵）  勝出時，莊家（女主角）<color=red>脫一件衣服，觸發專用CG或台詞</color>。 輸掉時，玩家<color=red>收到挑釁台詞或懲罰CG</color>。  右上方的條是女主角的“生命槽”。獲勝次數增加，女主角衣服減少， <color=red>最終完全脫衣進入專用色情CG事件</color>。,"At the start, both the player and the dealer (heroine) are dealt 2 cards each. The player's cards are all face-up, while the dealer has one card face-down. The player can choose to ""Hit"" or ""Stand"".  Hit: Draw 1 more card to get your total closer to 21. <color=red>But if your total exceeds 22, you bust (lose).</color> Stand: Stop drawing cards and pass the turn to the dealer.  The dealer must <color=red>draw cards if their total is under 17</color>. They stand automatically at 17 or higher. In the end, <color=red>the one closest to 21 without busting wins</color>! (Exactly 21 is Blackjack for a special bonus.)  If you win, the dealer (heroine) <color=red>removes one piece of clothing, triggering special CG or dialogue</color>. If you lose, you get <color=red>taunting dialogue or penalty CG</color>.  The bar at the top right is the heroine's ""life gauge"". As you win more, her clothes decrease, <color=red>leading to full nudity and exclusive erotic CG events</color>.",最初に、プレイヤーとディーラー（ヒロイン）にそれぞれ2枚のカードが配られます。プレイヤーのカードはすべてオープン、ディーラーは1枚が伏せられています。 プレイヤーは「ヒット（Hit）」または「スタンド（Stand）」を選択できます。  ヒット：カードを1枚追加し、手札の合計を21点に近づけます。<color=red>ただし、合計が22点以上になるとバースト（負け）です。</color> スタンド：追加カードを止めて、ディーラーのターンに移ります。  ディーラーは<color=red>合計が17点未満なら必ずカードを引く</color>ルールでプレイします。17点以上になると自動的にスタンド。 最終的に、<color=red>バーストせずに21点に近い方が勝利</color>！（21点ちょうどはブラックジャックで特別ボーナス）  勝てばディーラー（ヒロイン）は<color=red>服を1枚脱ぎ、専用CGやセリフが発生</color>。 負ければプレイヤーが<color=red>挑発セリフや罰ゲームCGを受けます</color>。  右上のバーはヒロインの“ライフゲージ”。勝利を重ねるごとにヒロインの衣装が減り、 <color=red>最終的に完全に脱衣して専用エロCGイベントへ進みます</color>。,"처음에 플레이어와 딜러(히로인)에게 각각 2장의 카드가 분배됩니다. 플레이어의 카드는 모두 공개되며, 딜러는 한 장이 가려져 있습니다. 플레이어는 ""히트(Hit)"" 또는 ""스탠드(Stand)""를 선택할 수 있습니다.  히트: 카드를 1장 더 뽑아 총점을 21점에 가깝게 합니다. <color=red>하지만 총점이 22점 이상이 되면 버스트(패배)합니다.</color> 스탠드: 카드 뽑기를 멈추고 딜러의 차례로 넘깁니다.  딜러는 <color=red>총점이 17점 미만이면 반드시 카드를 뽑아야 합니다</color>. 17점 이상이 되면 자동으로 스탠드. 최종적으로, <color=red>버스트하지 않고 21점에 가장 가까운 쪽이 승리</color>! (정확히 21점은 블랙잭으로 특별 보너스)  이기면 딜러(히로인)가 <color=red>옷을 한 벌 벗으며, 전용 CG나 대사가 발생</color>. 지면 플레이어가 <color=red>도발 대사나 벌칙 CG를 받습니다</color>.  오른쪽 위의 바는 히로인의 ""라이프 게이지"". 승리를 쌓을수록 히로인의 옷이 줄어들며, <color=red>최종적으로 완전 탈의하여 전용 에로 CG 이벤트로 진행됩니다</color>.",起初，玩家和庄家（女主角）各发2张牌。玩家的牌全公开，庄家有一张牌是盖着的。 玩家可以选择“要牌（Hit）”或“停牌（Stand）”。  要牌：加1张牌，让总点数接近21点。<color=red>但如果总点数超过22点，即爆牌（输）。</color> 停牌：停止加牌，转到庄家回合。  庄家<color=red>总点数低于17点必须继续要牌</color>。达到17点以上自动停牌。 最终，<color=red>未爆牌且点数最接近21点的一方获胜</color>！（正好21点为黑杰克，特别奖励）  胜出时，庄家（女主角）<color=red>脱一件衣服，触发专用CG或台词</color>。 输掉时，玩家<color=red>收到挑衅台词或惩罚CG</color>。  右上方的条是女主角的“生命槽”。获胜次数增加，女主角衣服减少， <color=red>最终完全脱衣进入专用色情CG事件</color>。
lang_3fe53999,,,"Assets/_StripCasino/Scenes/Lobby.unity
Canvas/LobbyPanel/TutorialPanel/Title_Setting/BasicRule/Title/Text (Legacy)
language",,基本規則,Basic Rules,基本ルール,기본 규칙,基本规则
lang_8998a419,,,"Assets/_StripCasino/Scenes/Lobby.unity
Canvas/LobbyPanel/TutorialPanel/Title_Setting/DoubleDown/Context/Text (Legacy)
language",,玩家的前2張牌總點數為<color=red>9～11點</color>時，“加倍（Double Down）”選項解鎖。 <color=red>下注翻倍，只加1張牌後自動停牌</color>。  勝出<color=red>獎勵翻倍</color>（女主角脫衣加速！） 輸掉<color=red>損失翻倍</color>（懲罰CG風險增加）。 高風險高回報的策略。<color=red>手牌強時值得一試！</color>,"When the player's initial 2 cards total <color=red>9-11 points</color>, the ""Double Down"" option unlocks. <color=red>Double your bet, draw only 1 more card, then auto-stand</color>.  Win: <color=red>Double rewards</color> (heroine strips faster!) Lose: <color=red>Double losses</color> (higher risk of penalty CG). High-risk, high-reward strategy. <color=red>Aim for it with strong hands!</color>",プレイヤーの最初の2枚の合計が<color=red>9～11点</color>の場合、「ダブル」オプションが解放されます。 <color=red>ベットを2倍にし、1枚だけ追加カードを引いた後、自動的にスタンド</color>。  勝てば<color=red>報酬2倍</color>（ヒロインの脱衣加速！） 負ければ<color=red>損失2倍</color>（罰ゲームCGのリスク増）。 高リスク・高リターンの戦略です。<color=red>手札が強い時に狙おう！</color>,"플레이어의 처음 2장 카드 총점이 <color=red>9~11점</color>일 때, ""더블 다운(Double Down)"" 옵션이 해제됩니다. <color=red>베팅을 2배로 하고, 1장만 추가 카드를 뽑은 후 자동 스탠드</color>.  이기면 <color=red>보상 2배</color> (히로인 탈의 가속!) 지면 <color=red>손실 2배</color> (벌칙 CG 위험 증가). 고위험 고수익 전략. <color=red>강한 패일 때 노려보세요!</color>",玩家的前2张牌总点数为<color=red>9～11点</color>时，“加倍（Double Down）”选项解锁。 <color=red>下注翻倍，只加1张牌后自动停牌</color>。  胜出<color=red>奖励翻倍</color>（女主角脱衣加速！） 输掉<color=red>损失翻倍</color>（惩罚CG风险增加）。 高风险高回报的策略。<color=red>手牌强时值得一试！</color>
lang_5545244a,,,"Assets/_StripCasino/Scenes/Lobby.unity
Canvas/LobbyPanel/TutorialPanel/Title_Setting/DoubleDown/Title/Text (Legacy)
language",,加倍,Double Down,ダブル,더블 다운,加倍
lang_6f6e980a,,,"Assets/_StripCasino/Scenes/Lobby.unity
Canvas/LobbyPanel/TutorialPanel/Title_Setting/Insurance/Context/Text (Legacy)
language",,荷官明牌為A時，可選擇是否購買保險。 保險金額：原下注金額的一半額外支付 ・若荷官為BJ → <color=red>保險以2:1賠付（本金＋利潤）</color> → <color=red>主注雖輸但總計持平（不虧）</color> ・若非BJ → <color=red>僅損失保險金（-一半）</color> → 繼續正常對局 <color=red>荷官BJ機率約30.8%</color>，不BJ的機率較高（<color=red>約69%</color>）,"When the dealer's upcard is A, you can choose to take Insurance. Insurance bet: Half of your original bet (added) ・If dealer has Blackjack (BJ) → <color=red>Insurance pays 2:1 (stake + profit)</color> → <color=red>Main bet loses but overall net 0 (break even)</color> ・If no BJ → <color=red>Only lose the insurance amount (-half)</color> → Main hand continues normally <color=red>Dealer has BJ ~30.8% of the time</color>, no BJ is more likely (<color=red>~69%</color>)",ディーラーの表向きカードがAの場合、保険を選択できます。 保険金額：ベットの半分を追加で支払い ・ディーラーがBJの場合 → <color=red>保険が2:1で払い戻し（本金＋利益）</color> → <color=red>メイン賭けは負けてもトータル0（損なし）</color> ・BJでない場合 → <color=red>保険分だけ失う（-半分）</color> → 通常の勝負続行 <color=red>BJになる確率は約30.8%</color>、しない確率の方が高い（<color=red>約69%</color>）,"딜러의 오픈 카드가 A일 때, 보험(Insurance)을 선택할 수 있습니다. 보험 금액: 원래 베팅의 절반을 추가 지불 ・딜러가 블랙잭(BJ)일 경우 → <color=red>보험 2:1 지급 (보험금 + 이익)</color> → <color=red>메인 베팅은 지지만 전체적으로 0 (손해 없음)</color> ・BJ가 아닐 경우 → <color=red>보험금만 잃음 (-절반)</color> → 일반 게임 계속 진행 <color=red>딜러 BJ 확률 약 30.8%</color>, BJ 아닌 확률이 더 높음 (<color=red>약 69%</color>)",荷官明牌为A时，可选择是否购买保险。 保险金额：原下注金额的一半额外支付 ・若荷官为BJ → <color=red>保险以2:1赔付（本金＋利润）</color> → <color=red>主注虽输但总计持平（不亏）</color> ・若非BJ → <color=red>仅损失保险金（-一半）</color> → 继续正常对局 <color=red>荷官BJ概率约30.8%</color>，不BJ的概率更高（<color=red>约69%</color>）
lang_2ac826f5,,,"Assets/_StripCasino/Scenes/Lobby.unity
Canvas/LobbyPanel/TutorialPanel/Title_Setting/Insurance/Title/Text (Legacy)
language",,保險,Insurance,インシュランス,인슈어런스,保险
lang_8431dab6,,,"Assets/_StripCasino/Scenes/Lobby.unity
Canvas/LobbyPanel/TutorialPanel/Title_Setting/Split/Context/Text (Legacy)
language",,相同數字的牌（例：8+8、Q+Q）出現時，可選的特別規則。 <color=red>將手牌分成2份，各自獨立玩</color>。  <color=red>支付額外下注</color>，各自選擇“要牌/停牌”。 兩份都勝<color=red>獎勵2倍</color>（脫衣機會增！） 輸掉<color=red>損失2倍</color>。 體驗版<color=red>僅限一次分割</color>。<color=red>相同數字對子強時有效</color>！,"Special rule when you get a pair of the same rank (e.g., 8+8, Q+Q). <color=red>Split your hand into 2 separate hands, played independently</color>.  <color=red>Pay an additional bet</color>, then Hit/Stand on each. Win both: <color=red>Double rewards</color> (more stripping chances!) Lose: <color=red>Double losses</color>. In the demo, <color=red>limited to one split per hand</color>. <color=red>Effective with strong pairs!</color>",同じ数字のカード（例：8＋8、Q＋Q）が来た場合に選べる特別ルール。 <color=red>手札を2つに分け、それぞれ独立してプレイ</color>。  <color=red>追加ベットを支払い</color>、それぞれ「ヒット／スタンド」を選べます。 2つとも勝てば<color=red>報酬2倍</color>（脱衣チャンス増！） 負ければ<color=red>損失2倍</color>。 体験版では<color=red>一度だけ分割可能</color>。<color=red>同じ数字のペアが強い時に有効</color>！,"같은 숫자의 카드(예: 8+8, Q+Q)가 올 때 선택 가능한 특별 규칙. <color=red>패를 2개로 나누어 각각 독립적으로 플레이</color>.  <color=red>추가 베팅 지불</color>, 각각 ""히트/스탠드"" 선택. 둘 다 이기면 <color=red>보상 2배</color> (탈의 기회 증가!) 지면 <color=red>손실 2배</color>. 체험판에서는 <color=red>한 번만 분할 가능</color>. <color=red>같은 숫자 페어가 강할 때 유효</color>!",相同数字的牌（例：8+8、Q+Q）出现时，可选的特别规则。 <color=red>将手牌分成2份，各自独立玩</color>。  <color=red>支付额外下注</color>，各自选择“要牌/停牌”。 两份都胜<color=red>奖励2倍</color>（脱衣机会增！） 输掉<color=red>损失2倍</color>。 体验版<color=red>仅限一次分割</color>。<color=red>相同数字对子强时有效</color>！
lang_8e97dfc9,,,"Assets/_StripCasino/Scenes/Lobby.unity
Canvas/LobbyPanel/TutorialPanel/Title_Setting/Split/Title/Text (Legacy)
language",,分牌,Split,スプリット,스플릿,分牌
lang_7ef398fe,,,"Assets/_StripCasino/Scenes/Lobby.unity
Canvas/LobbyPanel/TutorialPanel/Title_Setting/Introduce_Anto/Context/Text (Legacy)
language",,安托（Anto）：混沌隨機型女荷官 安托的<color=red>反制槽中等</color>，但增加數量<color=red>完全隨機</color>。 玩家使用物品時，安托不反制而是<color=red>偷取並逆向使用</color>（玩家+1 → 女荷官+1）。 從而導致<color=red>局面大亂</color>！可能對玩家有利也可能有害。 例：<color=red>玩家+5變成女荷官+5，女荷官爆牌逆轉勝</color>。 安托會用<color=red>幸運幣・厄運幣</color>微調數值，以微弱優勢獲勝。,"Amber (Anto): Chaotic Random Dealer Amber's <color=red>counter gauge is medium</color>, but the increase amount is <color=red>completely random</color>. When the player uses an item, Amber doesn't counter but <color=red>steals and uses it in reverse</color> (Player +1 → Dealer +1). This causes <color=red>total chaos</color>! It can benefit or harm the player. Example: <color=red>Player +5 becomes Dealer +5, causing dealer bust for a comeback win</color>. Amber uses <color=red>Lucky Coin / Unlucky Coin</color> to fine-tune her score and win by a slim margin.",アンバー（Anto）：混沌ランダム型ディーラー アンバーの<color=red>反制ゲージは中程度</color>、しかし増加量は<color=red>完全にランダム</color>。 プレイヤーがアイテム使用時、アンバーは反制せず<color=red>盗んで逆効果で使用</color>（プレイヤー+1 → ディーラー+1）。 これにより<color=red>局面が大混乱</color>！プレイヤーに有益な場合も有害な場合も。 例：<color=red>プレイヤー+5がディーラー+5になり、ディーラーバーストで逆転勝利</color>。 アンバーは<color=red>幸運コイン・不運コイン</color>などで数値を微調整し、僅差で勝利を掴む。 ,"앰버 (Anto): 혼돈 랜덤형 딜러 앰버의 <color=red>반제 게이지 중간</color>, 하지만 증가량은 <color=red>완전 랜덤</color>. 플레이어가 아이템 사용 시, 앰버는 반제하지 않고 <color=red>훔쳐 역효과로 사용</color> (플레이어 +1 → 딜러 +1). 이로 인해 <color=red>상황이 대혼란</color>! 플레이어에게 이로울 수도 해로울 수도. 예: <color=red>플레이어 +5가 딜러 +5로 바뀌어 딜러 버스트로 역전승</color>. 앰버는 <color=red>행운 코인 / 불운 코인</color>으로 수치를 미세 조정해 근소한 차이로 승리.",安托（Anto）：混乱随机型女荷官 安托的<color=red>反制槽中等</color>，但增加数量<color=red>完全随机</color>。 玩家使用物品时，安托不反制而是<color=red>偷取并逆向使用</color>（玩家+1 → 女荷官+1）。 从而导致<color=red>局面大乱</color>！可能对玩家有利也可能有害。 例：<color=red>玩家+5变成女荷官+5，女荷官爆牌逆转胜</color>。 安托会用<color=red>幸运币・厄运币</color>微调数值，以微弱优势获胜。
lang_f0e8ee01,,,"Assets/_StripCasino/Scenes/Lobby.unity
Canvas/LobbyPanel/TutorialPanel/Title_Setting/Introduce_Anto/Title/Text (Legacy)
language",,安托,Anto,アンバー,앰버,安托
lang_31189f02,,,"Assets/_StripCasino/Scenes/Lobby.unity
Canvas/LobbyPanel/TutorialPanel/Title_Setting/Introduce_Hetty/Context/Text (Legacy)
language",,赫蒂（Hetty）：主動進攻型女荷官 赫蒂的<color=red>反制槽愛心不多</color>，但<color=red>恢復非常頻繁</color>。 赫蒂會用<color=red>藏寶圖殘片・均衡天平</color>等控制點數道具，確保每局獲勝。 玩家使用占卜類道具+要牌時，<color=red>赫蒂用匕首等替換玩家牌</color>。 大注對決時，<color=red>容易觸發赫蒂用道具，最好情況也強制平局</color>。,"Hetty: Aggressive Offensive Dealer Hedy's <color=red> counter gauge has few hearts</color>, but <color=red>recovers very frequently</color>. Hedy uses <color=red>Treasure Map Fragment / Balance Scale</color> to control points and win every round. When player uses divination items + Hit, <color=red>Hedy replaces player's cards with dagger etc.</color>. Big bet showdowns <color=red>easily trigger her items, best case forced draw</color>.",ヘディー（Hetty）：積極攻撃型ディーラー ヘディーの<color=red>反制ゲージのハートは少ない</color>、しかし<color=red>回復が非常に頻繁</color>。 ヘディーは<color=red>宝の地図の欠片・均衡の天秤</color>などで点数をコントロールし、毎局勝利を狙う。 プレイヤーが占卜系アイテム使用＋ヒット時、<color=red>短剣などでプレイヤーのカードを置き換え</color>。 大ベット対決時、<color=red>ヘディーのアイテム使用を誘発しやすく、最良でも強制引き分け</color>。,"헤디 (Hetty): 적극 공격형 딜러 헤디의 <color=red> 반제 게이지 하트 적음</color>, 하지만 <color=red>회복 매우 빈번</color>. 헤디는 <color=red>보물 지도 조각 / 균형 천평</color> 등으로 점수 조절해 매 판 승리. 플레이어 점술 아이템 사용 + 히트 시, <color=red>헤디가 단검 등으로 플레이어 카드 교체</color>. 대 베팅 대결 시, <color=red>헤디 아이템 유발 쉬움, 최선도 강제 무승부</color>.",赫蒂（Hetty）：主动进攻型女荷官 赫蒂的<color=red>反制槽爱心不多</color>，但<color=red>恢复非常频繁</color>。 赫蒂会用<color=red>藏宝图残片・均衡天平</color>等控制点数道具，确保每局获胜。 玩家使用占卜类道具+要牌时，<color=red>赫蒂用匕首等替换玩家牌</color>。 大注对决时，<color=red>容易触发赫蒂用道具，最好情况也强制平局</color>。
lang_4c2042fd,,,"Assets/_StripCasino/Scenes/Lobby.unity
Canvas/LobbyPanel/TutorialPanel/Title_Setting/Introduce_Hetty/Title/Text (Legacy)
language",,赫蒂,Hetty,ヘディー,헤디,赫蒂
lang_b90dbef0,,,"Assets/_StripCasino/Scenes/Lobby.unity
Canvas/LobbyPanel/TutorialPanel/Title_Setting/Introduce_Alice/Context/Text (Legacy)
language",,愛麗絲（Alice）：防守反擊型女荷官 愛麗絲的<color=red>安心反制槽愛心比其他女荷官多</color>，但<color=red>恢復速度慢</color>。 愛麗絲<color=red>只使用回血道具</color>，玩家使用道具或停牌時會<color=red>反覆回血</color>。 愛麗絲<color=red>可能一直輸</color>，但玩家<color=red>始終無法擊敗她</color>，只會逐漸被<color=red>拖入賭局沼澤，慢慢耗乾金幣</color>。 ,"Alice: Defensive Counter-Attack Dealer Alice has <color=red>more hearts in her safe counter gauge than other dealers</color>, but <color=red>recovery is slow</color>. Alice <color=red>only uses healing items</color>, repeatedly healing when the player uses items or stands. Alice <color=red>may keep losing</color>, but the player <color=red>can never truly defeat her</color>, slowly getting <color=red>dragged into the gambling swamp and drained of gold coins</color>.",アリス（Alice）：防御反撃型ディーラー アリスの<color=red>反制ゲージのハートは他のディーラーより多い</color>、しかし<color=red>回復速度は遅い</color>。 アリスは<color=red>回復系アイテムしか使わず</color>、プレイヤーがアイテム使用やスタンド時に<color=red>繰り返し回復</color>を行う。 アリスは<color=red>ずっと負け続ける可能性が高い</color>が、プレイヤーは<color=red>決して倒せず</color>、徐々に<color=red>賭けの沼に引きずり込まれ、金貨をゆっくり枯渇させる</color>。,"앨리스 (Alice): 방어 반격형 딜러 앨리스의 <color=red>안심 반제 게이지 하트가 다른 딜러보다 많음</color>, 하지만 <color=red>회복 속도는 느림</color>. 앨리스는 <color=red>회복 아이템만 사용</color>, 플레이어가 아이템 사용이나 스탠드 시 <color=red>반복 회복</color>.앨리스는 <color=red>계속 질 가능성이 높음</color>이지만, 플레이어는 <color=red>절대 쓰러뜨릴 수 없고</color>, 점점 <color=red>도박의 늪에 끌려들어가 금화를 서서히 고갈</color>.",爱丽丝（Alice）：防守反击型女荷官 爱丽丝的<color=red>安心反制槽爱心比其他女荷官多</color>，但<color=red>恢复速度慢</color>。 爱丽丝<color=red>只使用回血道具</color>，玩家使用道具或停牌时会<color=red>反复回血</color>。 爱丽丝<color=red>可能一直输</color>，但玩家<color=red>始终无法击败她</color>，只会逐渐被<color=red>拖入赌局沼泽，慢慢耗干金币</color>。 
lang_de09753f,,,"Assets/_StripCasino/Scenes/Lobby.unity
Canvas/LobbyPanel/TutorialPanel/Title_Setting/Introduce_Alice/Title/Text (Legacy)
language",,愛麗絲,Alice,アリス,앨리스,爱丽丝
lang_1013cca9,,,"Assets/_StripCasino/Scenes/Lobby.unity
Canvas/LobbyPanel/TutorialPanel/Title_Setting/Item/Context/GameObject/Context_1/Text (Legacy)
language",,【空瓶】/【白棋子】：令女荷官直接爆牌,【Empty Bottle】/【White Go Stone】：Force dealer to bust directly,【 空き瓶】/【白い駒】：ディーラーを直接バーストさせる,【빈병】/【백돌】：여성 딜러를 직접 버스트 시킴,【空瓶】/【白棋子】：令女荷官直接爆牌
lang_883e1302,,,"Assets/_StripCasino/Scenes/Lobby.unity
Canvas/LobbyPanel/TutorialPanel/Title_Setting/Item/Context/GameObject/Context_2/Text (Legacy)
language",,【魔眼石】/【占卜水晶】/【透視藥水】：清場,【Demon Eye Stone】/【Divination Crystal】/【Clairvoyance Potion】：Clear the table,【魔眼石】/【占い水晶】/【透視の薬】：場をクリアにする,【마안석】/【점괘 수정】/【투시 약수】：필드 클리어,【魔眼石】/【占卜水晶】/【透视药水】：清场
lang_a1ae8e2f,,,"Assets/_StripCasino/Scenes/Lobby.unity
Canvas/LobbyPanel/TutorialPanel/Title_Setting/Item/Context/GameObject/Context_3/Text (Legacy)
language",,清場後【匕首】/【魔眼藥水】＋抓牌：想要的牌到自己，不利的牌到對方,"After clear + 【Dagger】/【Demon Eye Potion】＋Draw：Desired card to self, bad card to opponent",場クリア後【短剣】/【魔眼薬水】＋ヒット：欲しい牌を自分に、不利な牌を相手に,"클리어 후 【단검】/【마안 약수】＋드로우：원하는 패는 자신에게, 불리한 패는 상대에게",清场后【匕首】/【魔眼药水】＋抓牌：想要的牌到自己，不利的牌到对方
lang_fc0b9ff8,,,"Assets/_StripCasino/Scenes/Lobby.unity
Canvas/LobbyPanel/TutorialPanel/Title_Setting/Item/Context/GameObject/Context_4/Text (Legacy)
language",,【幸運幣】/【厄運幣】等：微調玩家點數,【Lucky Coin】/【Unlucky Coin】etc.：Fine-tune player's score,【幸運のコイン】/【厄運コイン】など：プレイヤーの点数を微調整,【행운 코인】/【불운 코인】등：플레이어 점수 미세 조정,【幸运币】/【厄运币】等：微调玩家点数
lang_69ccdf3d,,,"Assets/_StripCasino/Scenes/Lobby.unity
Canvas/LobbyPanel/TutorialPanel/Title_Setting/Item/Context/GameObject/Context_5/Text (Legacy)
language",,【均衡徽章】：強制平局挽回損失 / 搭配【藏寶圖殘片】大膽要牌,【Balance Badge】：Force a push to avoid loss / Pair with 【Treasure Map Fragment】for bold hit,【均衡のバッジ】：強制引き分けで損失を回避  / 【宝の地図の断片】と併用で大胆にヒット,【균형 휘장】：강제 무승부로 손실 회복 / 【보물 지도 조각】과 함께 대담 히트,【均衡徽章】：强制平局挽回损失 / 搭配【藏宝图残片】大胆要牌
lang_b014ade6,,,"Assets/_StripCasino/Scenes/Lobby.unity
Canvas/LobbyPanel/TutorialPanel/Title_Setting/Item/Context/GameObject/Context_6/Text (Legacy)
language",,穩贏局面下【皇室家徽】：擴大優勢,Stable win → 【Imperial Crest】：Expand advantage,安定勝利時【王室家紋】：優勢を拡大,안정 승리 시 【황실 가문 휘장】：우위 확대,稳赢局面下【皇室家徽】：扩大优势
lang_72a9ae9c,,,"Assets/_StripCasino/Scenes/Lobby.unity
Canvas/LobbyPanel/TutorialPanel/Title_Setting/Item/Title/Text (Legacy)
language",,道具戰術,Item Tactics,アイテム戦術,아이템 전술,道具战术
lang_0e1831bc,,,"Assets/_StripCasino/Scenes/Lobby.unity
Canvas/LobbyPanel/CreditsPanel/Gallery
language",,支持者名單,Special Thanks,スペシャルサンクス,특별한 감사,支持者名单
lang_7ecf9a81,,,"Assets/_StripCasino/Scenes/Lobby.unity
Canvas/LobbyPanel/VersionUp_Panel/Text
language",,點擊確認以取得最新版本更新,Click to confirm to get the latest version update,最新バージョンの更新を取得するには、 クリックして確認してください,클릭하여 최신 버전 업데이트를 확인하세요,点击确认获取最新版本更新
lang_015dff9c,,,"Assets/_StripCasino/Scenes/Lobby.unity
Canvas/LobbyPanel/VersionUp_Panel/Yes_Button/Text (Legacy)
language",,確認,Confirm,確認,확인,确认
lang_03c459c0,,,"Assets/_StripCasino/Scenes/Lobby.unity
Canvas/LobbyPanel/VersionUp_Panel/No_Button/Text (Legacy)
language",,返回,Back,戻る,뒤로가기,返回
lang_75584c02,,,"Assets/_StripCasino/Scenes/Shop.unity
Canvas/ShopIntroduce/Diagol_1/Text
language",,紫色情緒 → 自己點數 -3,Purple Mood → Your Score -3,紫のムード →  自分の点数を-3,보라색 무드 → 자신의 점수 -3,紫色心情 → 自己点数 -3
lang_933312db,,,"Assets/_StripCasino/Scenes/Shop.unity
Canvas/ShopIntroduce/Diagol_2/Text
language",,占卜水晶 → 查看女荷官蓋牌，牌庫第一第二張牌,"Divination Crystal → Peek at female dealer's hole card, deck's 1st and 2nd card",占い水晶 → 女ディーラーの穴札と 山札の1枚目・2枚目を確認,"점술 수정 → 여성 딜러의 홀카드와 덱의 1번째, 2번째 카드 확인",占卜水晶 → 查看女荷官盖牌，牌库第一第二张牌
lang_35c05a44,,,"Assets/_StripCasino/Scenes/Shop.unity
Canvas/ShopIntroduce/Diagol_3/Text
language",,均衡徽章 → 使你的點數和女荷官相同,Balance Badge → Makes your points equal to the dealer’s,均衡のバッジ → あなたの点数をディーラーと同じにする,균형 배지 → 당신의 점수를 딜러와 동일하게 만든다,均衡徽章 → 使你的点数和女荷官相同
lang_34dfab9d,,,"Assets/_StripCasino/Scenes/Shop.unity
Canvas/ShopIntroduce/Diagol_4/Text
language",,魔眼石 → 查看女荷官蓋牌，牌庫第一張牌,Magic Eye Stone → Peek at female dealer's hole card and deck's 1st card,魔眼石 → 女ディーラーの穴札と山札の1枚目を確認,마안석 → 여성 딜러의 홀카드와 덱의 1번째 카드 확인,魔眼石 → 查看女荷官盖牌，牌库第一张牌
lang_8d55d8b6,,,"Assets/_StripCasino/Scenes/Shop.unity
Canvas/ShopIntroduce/Diagol_5/Text
language",,酒瓶 → 你的點數翻倍,Wine Bottle → Double Your Points,ワインボトル → あなたのポイントを倍増させる,와인 병 → 당신 점수 배수,酒瓶 → 你的点数翻倍
lang_f8bbe1cf,,,"Assets/_StripCasino/Scenes/Shop.unity
Canvas/ShopIntroduce/Diagol_6/Text
language",,藏寶圖殘片 → 若你的點數超過21，可以隨機減去3~5（救場道具）,"Treasure Map Fragment → If your points exceed 21, randomly reduce 3~5 (a bailout item)",宝の地図の断片 → 点数が21を超える場合、3〜5ポイントをランダムに減らす（救済アイテム）,보물지도 조각 → 당신의 점수가 21을 초과하면 3~5을 랜덤으로 줄일 수 있음 (구조 아이템),藏宝图残片 → 若你的点数超过21，可以随机减去3~5（救场道具）
lang_d9100998,,,"Assets/_StripCasino/Scenes/Shop.unity
Canvas/ShopIntroduce/Diagol_7/Text
language",,幸運幣 → 你的點數+1,Lucky Coin → Your points +1,幸運のコイン → 自分の点数を+1,행운의 동전 → 당신의 점수 +1,幸运币 → 你的点数+1
lang_75337961,,,"Assets/_StripCasino/Scenes/Shop.unity
Canvas/ShopIntroduce/Diagol_8/Text
language",,透視藥水 → 查看牌庫第一第二張牌,Clairvoyance Potion → Peek at deck's 1st and 2nd card,透視の薬 →山札の1枚目・2枚目を確認,"투시 물약 → 덱의 1번째, 2번째 카드 확인",透视药水 →看牌库第一第二张牌
lang_237da0fa,,,"Assets/_StripCasino/Scenes/Shop.unity
Canvas/ShopIntroduce/Diagol_9/Text
language",,綠色情緒 → 自己點數 +3,Green Mood → Your Score +3,緑のムード→ 自分の点数を +3,초록색 무드 → 자신의 점수 +3,绿色心情 → 自己点数 +3
lang_3f6c1cf6,,,"Assets/_StripCasino/Scenes/Shop.unity
Canvas/ShopIntroduce/Diagol_10/Text
language",,匕首 → 牌庫第一張牌置於牌庫底部,Dagger → Move the first card of the deck to the bottom of the deck,短剣 → デッキの一番上のカードをデッキの底に置く,단검 → 덱의 맨 위 카드를 덱 바닥으로 이동,匕首 → 牌库第一张牌置于牌库底部
lang_e309b3dd,,,"Assets/_StripCasino/Scenes/Shop.unity
Canvas/ShopIntroduce/Diagol_11/Text
language",,黑棋子 → 你的點數+5,Black Chess Piece → Your Points +5,黒い駒 → あなたの点数+5,검은 말 → 당신 점수 +5,黑棋子 → 你的点数+5
lang_c71b2cd8,,,"Assets/_StripCasino/Scenes/Shop.unity
Canvas/ShopIntroduce/Diagol_12/Text
language",,魔眼藥水 → 牌庫洗牌,Magic Eye Potion → Shuffle the Deck,魔眼薬水 → デッキをシャッフル,마안 약수 → 덱 섞기,魔眼药水 → 牌库洗牌
lang_03146c0f,,,"Assets/_StripCasino/Scenes/Shop.unity
Canvas/ShopIntroduce/Diagol_13/Text
language",,空瓶 → 女荷官的點數翻倍,Empty Bottle → Double the female dealer's points,空き瓶  → 女ディーラーの点数を倍に,빈 병 → 여성 딜러 점수 배수,空瓶 → 女荷官的点数翻倍
lang_198c8842,,,"Assets/_StripCasino/Scenes/Shop.unity
Canvas/ShopIntroduce/Diagol_14/Text
language",,白棋子 → 女荷官點數＋5,White Chess Piece → Female Dealer Points +5,白い駒 → 女ディーラーの点数+5,흰 말 → 여성 딜러 점수 +5,白棋子 → 女荷官点数＋5
lang_2d3c9789,,,"Assets/_StripCasino/Scenes/Shop.unity
Canvas/ShopIntroduce/Diagol_15/Text
language",,厄運幣 → 玩家的點數-1,Misfortune Coin → Player's Points -1,厄運コイン → プレイヤーの点数-1,불운 동전 → 플레이어 점수 -1,厄运币 → 玩家的点数-1
lang_36e4f384,,,"Assets/_StripCasino/Scenes/Shop.unity
Canvas/ShopIntroduce/Diagol_16/Text
language",,皇室家徽 → 這局獲勝的話雙倍獎勵,Royal Crest → Double reward if win this round,王室家紋 → この局勝利で報酬2倍,왕실 문장 → 이 판 승리 시 보상 2배,皇室家徽 → 这局获胜的话双倍奖励
lang_785adbad,,,"Assets/_StripCasino/Scenes/Shop.unity
Canvas/BalancePanel/Balance
language",,餘額,Balance,残高,잔액,余额
lang_ca1866af,,,"Assets/_StripCasino/Scenes/Shop.unity
Canvas/ItemPanel/USE/Text (Legacy)
language",,使用,Use,使用,사용,使用
lang_ddfe145a,,,"Assets/_StripCasino/Scenes/Shop.unity
Canvas/ItemPanel/ShopIntroduce/Diagol_1/Text
language",,紫色情緒 → 自己點數 -3,Purple Mood → Your Score -3,紫のムード → 自分の点数を-3,보라색 무드 → 자신의 점수 -3,紫色心情 → 自己点数 -3
lang_92ea2793,,,"Assets/_StripCasino/Scenes/Shop.unity
Canvas/ItemPanel/ShopIntroduce/Diagol_2/Text
language",,占卜水晶 → 查看女荷官蓋牌，牌庫第一第二張牌,"Divination Crystal → Peek at female dealer's hole card, deck's 1st and 2nd card",占い水晶 → 女ディーラーの穴札と 山札の1枚目・2枚目を確認,"점술 수정 → 여성 딜러의 홀카드와 덱의 1번째, 2번째 카드 확인",占卜水晶 → 查看女荷官盖牌，牌库第一第二张牌
lang_3be96e3c,,,"Assets/_StripCasino/Scenes/Shop.unity
Canvas/ItemPanel/ShopIntroduce/Diagol_3/Text
language",,均衡徽章 → 使你的點數和女荷官相同,Balance Badge → Makes your points equal to the dealer’s,均衡のバッジ → あなたの点数をディーラーと同じにする,균형 배지 → 당신의 점수를 딜러와 동일하게 만든다,均衡徽章 → 使你的点数和女荷官相同
lang_966646f5,,,"Assets/_StripCasino/Scenes/Shop.unity
Canvas/ItemPanel/ShopIntroduce/Diagol_4/Text
language",,魔眼石 → 查看女荷官蓋牌，牌庫第一張牌,Magic Eye Stone → Peek at female dealer's hole card and deck's 1st card,魔眼石 → 女ディーラーの穴札と山札の1枚目を確認,마안석 → 여성 딜러의 홀카드와 덱의 1번째 카드 확인,魔眼石 → 查看女荷官盖牌，牌库第一张牌
lang_31b1f06e,,,"Assets/_StripCasino/Scenes/Shop.unity
Canvas/ItemPanel/ShopIntroduce/Diagol_5/Text
language",,酒瓶 → 你的點數翻倍,Wine Bottle → Double Your Points,ワインボトル → あなたのポイントを倍増させる,와인 병 → 당신 점수 배수,酒瓶 → 你的点数翻倍
lang_029801e7,,,"Assets/_StripCasino/Scenes/Shop.unity
Canvas/ItemPanel/ShopIntroduce/Diagol_6/Text
language",,藏寶圖殘片 → 若你的點數超過21，可以隨機減去3~5（救場道具）,"Treasure Map Fragment → If your points exceed 21, randomly reduce 3~5 (a bailout item)",宝の地図の断片 → 点数が21を超える場合、3〜5ポイントをランダムに減らす（救済アイテム）,보물지도 조각 → 당신의 점수가 21을 초과하면 3~5을 랜덤으로 줄일 수 있음 (구조 아이템),藏宝图残片 → 若你的点数超过21，可以随机减去3~5（救场道具）
lang_883b0790,,,"Assets/_StripCasino/Scenes/Shop.unity
Canvas/ItemPanel/ShopIntroduce/Diagol_7/Text
language",,幸運幣 → 你的點數+1,Lucky Coin → Your points +1,幸運のコイン → 自分の点数を+1,행운의 동전 → 당신의 점수 +1,幸运币 → 你的点数+1
lang_9cd17da9,,,"Assets/_StripCasino/Scenes/Shop.unity
Canvas/ItemPanel/ShopIntroduce/Diagol_8/Text
language",,透視藥水 → 查看牌庫第一第二張牌,Clairvoyance Potion → Peek at deck's 1st and 2nd card,透視の薬 →山札の1枚目・2枚目を確認,"투시 물약 → 덱의 1번째, 2번째 카드 확인",透视药水 →看牌库第一第二张牌
lang_56955e62,,,"Assets/_StripCasino/Scenes/Shop.unity
Canvas/ItemPanel/ShopIntroduce/Diagol_9/Text
language",,綠色情緒 → 自己點數 +3,Green Mood → Your Score +3,緑のムード→ 自分の点数を +3,초록색 무드 → 자신의 점수 +3,绿色心情 → 自己点数 +3
lang_3a7dc93e,,,"Assets/_StripCasino/Scenes/Shop.unity
Canvas/ItemPanel/ShopIntroduce/Diagol_10/Text
language",,匕首 → 牌庫第一張牌置於牌庫底部,Dagger → Move the first card of the deck to the bottom of the deck,短剣 → デッキの一番上のカードをデッキの底に置く,단검 → 덱의 맨 위 카드를 덱 바닥으로 이동,匕首 → 牌库第一张牌置于牌库底部
lang_c7c06b85,,,"Assets/_StripCasino/Scenes/Shop.unity
Canvas/ItemPanel/ShopIntroduce/Diagol_11/Text
language",,黑棋子 → 你的點數+5,Black Chess Piece → Your Points +5,黒い駒 → あなたの点数+5,검은 말 → 당신 점수 +5,黑棋子 → 你的点数+5
lang_793d0820,,,"Assets/_StripCasino/Scenes/Shop.unity
Canvas/ItemPanel/ShopIntroduce/Diagol_12/Text
language",,魔眼藥水 → 牌庫洗牌,Magic Eye Potion → Shuffle the Deck,魔眼薬水 → デッキをシャッフル,마안 약수 → 덱 섞기,魔眼药水 → 牌库洗牌
lang_fefc3fb7,,,"Assets/_StripCasino/Scenes/Shop.unity
Canvas/ItemPanel/ShopIntroduce/Diagol_13/Text
language",,空瓶 → 女荷官的點數翻倍,Empty Bottle → Double the female dealer's points,空き瓶  → 女ディーラーの点数を倍に,빈 병 → 여성 딜러 점수 배수,空瓶 → 女荷官的点数翻倍
lang_e563a02a,,,"Assets/_StripCasino/Scenes/Shop.unity
Canvas/ItemPanel/ShopIntroduce/Diagol_14/Text
language",,白棋子 → 女荷官點數＋5,White Chess Piece → Female Dealer Points +5,白い駒 → 女ディーラーの点数+5,흰 말 → 여성 딜러 점수 +5,白棋子 → 女荷官点数＋5
lang_ade57111,,,"Assets/_StripCasino/Scenes/Shop.unity
Canvas/ItemPanel/ShopIntroduce/Diagol_15/Text
language",,厄運幣 → 玩家的點數-1,Misfortune Coin → Player's Points -1,厄運コイン → プレイヤーの点数-1,불운 동전 → 플레이어 점수 -1,厄运币 → 玩家的点数-1
lang_909d990c,,,"Assets/_StripCasino/Scenes/Shop.unity
Canvas/ItemPanel/ShopIntroduce/Diagol_16/Text
language",,皇室家徽 → 這局獲勝的話雙倍獎勵,Royal Crest → Double reward if win this round,王室家紋 → この局勝利で報酬2倍,왕실 문장 → 이 판 승리 시 보상 2배,皇室家徽 → 这局获胜的话双倍奖励
lang_f461e6ef,,,"Assets/_StripCasino/Scenes/Shop.unity
Canvas/LeaveButton/leave
language",,離開,leave,退出,열기,离开
lang_901c8f28,,,"Assets/_StripCasino/Scenes/Shop.unity
Canvas/MakeSureLeavePanel/Panel/insurance
language",,確定要離開嗎？,Are you sure you want to leave?,本当に退出しますか？,정말로 나가시겠습니까?,确定要离开吗？
lang_8736fcb1,,,"Assets/_StripCasino/Scenes/Shop.unity
Canvas/MakeSureLeavePanel/Panel/YesButton/Yes
language",,是,Yes,はい,예,是
lang_45cda801,,,"Assets/_StripCasino/Scenes/Shop.unity
Canvas/MakeSureLeavePanel/Panel/NoButton/NO
language",,否,NO,いいえ,아니오,否
lang_8872c946,,,"Assets/_StripCasino/Scenes/Shop.unity
Canvas/PauseMenu/Pause
language",,暂停,PAUSE,一時停止,일시정지,暂停
lang_837d10a0,,,"Assets/_StripCasino/Scenes/Shop.unity
Canvas/PauseMenu/BackMenu/Text (Legacy)
language",,返回主選單,Return to Title,タイトルへ戻る,타이틀로 돌아가기,返回主菜单
lang_de13a132,,,"Assets/_StripCasino/Scenes/Shop.unity
Canvas/PauseMenu/Title_Setting_BGM/Text (Legacy) (1)
language",,BGM,BGM,BGM,BGM,BGM
lang_f4687eb1,,,"Assets/_StripCasino/Scenes/Shop.unity
Canvas/PauseMenu/Title_Setting_SE/Text (Legacy) (2)
language",,効果音,Sound Effect,効果音,효과음,效果音
lang_5c7d44d7,,,"Assets/_StripCasino/Scenes/Shop.unity
Canvas/PauseMenu/Title_Setting_Voice/Text (Legacy) (2)
language",,語音,Voice,ボイス,보이스,语音
lang_485967aa,,,"Assets/_StripCasino/Scenes/Spine.unity
Canvas/AVG/Black_Half_AVG/Skip/Text (Legacy) (1)
language",,跳過,Skip,スキップ,스킵,跳过
lang_e44fec17,,,"Assets/_StripCasino/Scenes/Spine.unity
Canvas/AVG/Black_Half_AVG/Auto/Text (Legacy)Off
language",,自動off,Auto Off,オートoff,자동off,自动off
lang_4ba8f043,,,"Assets/_StripCasino/Scenes/Spine.unity
Canvas/AVG/Black_Half_AVG/Auto/Text (Legacy)On
language",,自動on,Auto On,オートon,자동on,自动on
lang_5084a003,,,"Assets/_StripCasino/Scenes/Spine.unity
Canvas/AVG/Black_Half_AVG/Name/Text_Anto
language",,安托,Anto,アンバー,앰버,安托
lang_ee00745d,,,"Assets/_StripCasino/Scenes/Spine.unity
Canvas/AVG/Black_Half_AVG/Name/Text_Hetty
language",,赫蒂,Hetty,ヘティ,헤티,赫蒂
lang_31eb18cf,,,"Assets/_StripCasino/Scenes/Spine.unity
Canvas/AVG/Black_Half_AVG/Name/Text_Alice
language",,愛麗絲,Alice,アリス,앨리스,爱丽丝
lang_da92edbb,,,"Assets/_StripCasino/Scenes/Spine.unity
Canvas/AVG/Black_Half_AVG/Name/Text_BlackMarketer
language",,黑市商人,Marketer,闇商人,암시장 상인,黑市商人
lang_51d82e2a,,,"Assets/_StripCasino/Scenes/Spine.unity
Canvas/AVG/Black_Half_AVG/Name/Text_NPC_1
language",,冒險者,Adventurer,冒険者,모험가,冒险者
lang_5e5606dd,,,"Assets/_StripCasino/Scenes/Spine.unity
Canvas/AVG/Black_Half_AVG/Name/Text_NPC_2
language",,冒險者,Adventurer,冒険者,모험가,冒险者
lang_f797ee57,,,"Assets/_StripCasino/Scenes/Spine.unity
Canvas/AVG/Black_Half_AVG/Name/Text_Andon
language",,安東,Andon,アンドン,안돈,安东
lang_0d750493,,,"Assets/_StripCasino/Scenes/Spine.unity
Canvas/AVG/Black_Half_AVG/Name/Text_Enemy
language",,委託人,Client,依頼人,의뢰인,委托人
lang_a5a75b1f,,,"Assets/_StripCasino/Scenes/Spine.unity
Canvas/AVG/Black_Half_AVG/Name/Text_Eirik
language",,艾里克,Eirik,エイリーク,에이리크,艾里克
lang_71ae1be7,,,"Assets/_StripCasino/Scenes/Spine.unity
Canvas/AVG/Black_Half_AVG/Name/Text_MimicHades
language",,擬態怪・哈迪斯,Mimic Hades,ミミックハデス,미믹 하데스,拟态怪·哈迪斯
lang_1871277d,,,"Assets/_StripCasino/Scenes/Spine.unity
Canvas/AVG/Black_Half_AVG/Name/Text_Doll3
language",,人形3號,Doll Unit-3,人形3,인형 3호,人形3号
lang_87b14a68,,,"Assets/_StripCasino/Scenes/Spine.unity
Canvas/AVG/Black_Half_AVG/Name/Text_NPC_3
language",,冒險者,Adventurer,冒険者,모험가,冒险者
lang_2248ab63,,,"Assets/_StripCasino/Scenes/Spine.unity
Canvas/AVG/Black_Half_AVG/Name/Text_NPC_4
language",,冒險者,Adventurer,冒険者,모험가,冒险者
lang_f748f943,,,"Assets/_StripCasino/Scenes/Spine.unity
Canvas/AVG/Black_Half_AVG/Name/Text_Jeweler
language",,珠寶店老闆,Jeweler,宝石店店主,보석상 주인,珠宝店老板
lang_2e3044ff,,,"Assets/_StripCasino/Scenes/Spine.unity
Canvas/RecipePanel/BalancePanel/Balance
language",,餘額,Balance,残高,잔액,余额
lang_ed03f3f6,,,"Assets/_StripCasino/Scenes/Spine.unity
Canvas/RecipePanel/Mask/List/Wine_1/Name_Recipe
language",,龍焰酒,Dragonflame Ale,ドラゴンフレイム酒,드래곤플레임 에일,龙焰酒
lang_6f6e886d,,,"Assets/_StripCasino/Scenes/Spine.unity
Canvas/RecipePanel/Mask/List/Wine_2/Name_Recipe
language",,魔女之吻,Witch’s Kiss,魔女のキス,마녀의 입맞춤,魔女之吻
lang_3cfde17c,,,"Assets/_StripCasino/Scenes/Spine.unity
Canvas/RecipePanel/Mask/List/Wine_3/Name_Recipe
language",,精靈樹蜂蜜酒,Elven Nectar,エルフの蜜酒,엘프의 꿀술,精灵树蜂蜜酒
lang_f634f0d3,,,"Assets/_StripCasino/Scenes/Spine.unity
Canvas/RecipePanel/Mask/List/Wine_4/Name_Recipe
language",,冰結之息,Breath of Frost,氷結の吐息,프로스트 브레스,冰结之息
lang_a10d4f5a,,,"Assets/_StripCasino/Scenes/Spine.unity
Canvas/RecipePanel/Mask/List/Wine_5/Name_Recipe
language",,秘法紅石酒,Arcana Ruby,アルカナ・ルビー,아르카나 루비,秘法红石酒
lang_ccdfe741,,,"Assets/_StripCasino/Scenes/Spine.unity
Canvas/RecipePanel/Mask/List/Wine_6/Name_Recipe
language",,霧花酒,Misty Bloom,ミスティ・ブルーム,미스티 블룸 ,雾花酒
lang_05e0e570,,,"Assets/_StripCasino/Scenes/Spine.unity
Canvas/RecipePanel/Mask/List/Wine_7/Name_Recipe
language",,霧花酒,Wolfbane Brew,ウルフベイン酒,울프베인 술,狼毒酒
lang_d749b5d7,,,"Assets/_StripCasino/Scenes/Spine.unity
Canvas/RecipePanel/Mask/List/Wine_8/Name_Recipe
language",,太陽果皮酒,Sunpeel Ale,太陽の皮,선필 에일,太阳果皮酒
lang_f694a5ee,,,"Assets/_StripCasino/Scenes/Spine.unity
Canvas/RecipePanel/Mask/List/Wine_9/Name_Recipe
language",,森林果實酒,Forest Berry Spirit,森の果実酒,숲의 열매주,森之果酒
lang_b2d43b54,,,"Assets/_StripCasino/Scenes/Spine.unity
Canvas/RecipePanel/Mask/List/Wine_10/Name_Recipe
language",,宵之玫瑰酒,Rose Wine of Dusk,宵の薔薇酒,저녁의 장미주,宵之玫瑰酒
lang_996fef2a,,,"Assets/_StripCasino/Scenes/Spine.unity
Canvas/RecipePanel/Title
language",,調酒祕方店,Secret Recipe Shop,秘伝レシピ店,칵테일 비법 상점,调酒秘方店
lang_31f44c9d,,,"Assets/_StripCasino/Scenes/Spine.unity
Canvas/RecipePanel/Title_Button/Text (Legacy)
language",,继续,Continue,継続,계속하기,继续
lang_22fab9af,,,"Assets/_StripCasino/Scenes/Spine.unity
Canvas/ReultBlack_Anto/Text (Legacy)
language",,牌桌仍會繼續，冒險也不會停止，但這一次……她不會再把你讓給任何人。,"The table remains, and the adventure goes on. But this time… she will never give you up to anyone else. ",カードテーブルはこれからも続き、冒険も終わらない。ただ今回は……彼女はもう、あなたを誰にも譲らない。,"카드 테이블은 계속되고, 모험도 끝나지 않는다. 하지만 이번에는… 그녀는 더 이상 당신을 누구에게도 넘기지 않을 것이다. ",牌桌可以继续，冒险也不会停止，只是这一次……她不再会把你让给任何人。
lang_c3c1e1bd,,,"Assets/_StripCasino/Scenes/Spine.unity
Canvas/ReultBlack_Anto/next
language",,— 安托 攻略完成 —,— Anto Route Complete —,ー　アンバー　攻略完了　ー,— 앰버 공략 완료 —,— 安托 攻略完成 —
lang_c90c8dad,,,"Assets/_StripCasino/Scenes/Spine.unity
Canvas/ReultBlack_Hetty/Text (Legacy)
language",,酒杯已空，牌局已盡。你贏得了一切，往後依舊可以與赫蒂過著打牌與經營酒館的日子。,"The glasses are empty, the game is over. You’ve won everything, and from now on, you can continue your days playing cards and running the tavern with Hetty. ",グラスは空になり、カードゲームも終わった。あなたはすべてを手に入れた。これからもヘティと共に、カード遊びと酒場経営の日々を過ごしていくことになるだろう。,"잔은 비었고, 카드판도 끝났다. 당신은 모든 것을 손에 넣었고, 앞으로도 헤티와 함께 카드 놀이와 주점 운영의 나날을 이어갈 것이다. ",酒杯已空，牌局已尽。你赢得了所有，今后依旧可以与赫蒂过着打牌与经营酒馆的日子。
lang_8997e3cb,,,"Assets/_StripCasino/Scenes/Spine.unity
Canvas/ReultBlack_Hetty/next
language",,— 赫蒂 攻略完成 —,— Hetty Route Complete —,ー　へティー　攻略完了　ー,— 헤티 공략 완료 —,— 赫蒂 攻略完成 —
lang_3195eba3,,,"Assets/_StripCasino/Scenes/Spine.unity
Canvas/ReultBlack_Alice/Text (Legacy)
language",,在醉狗酒館的最後一夜，愛麗絲為你穿上了純白的婚紗，她……已經徹底屬於你了。,"On the final night at the Drunken Dog Tavern, Alice dressed you in a pure white wedding gown. She… now belongs completely to you.",醉狗酒場の最後の夜、アリスは純白のウェディングドレスをあなたに着せた。彼女は……もう完全にあなたのものだ。,"한국어 취한 개 주점의 마지막 밤, 앨리스는 당신에게 순백의 웨딩드레스를 입혀주었다. 그녀는… 이제 완전히 당신의 것이다.",在醉狗酒馆的最后一夜，爱丽丝为你穿上了纯白的婚纱，她……已经彻底属于你了。
lang_9abb6131,,,"Assets/_StripCasino/Scenes/Spine.unity
Canvas/ReultBlack_Alice/next
language",,— 愛麗絲 攻略完成 —,— Alice Route Complete —,ー　アリス　攻略完了　ー,— 앨리스 공략 완료 —,— 爱丽丝 攻略完成 —
lang_56e204b5,,,"Assets/_StripCasino/Scenes/Spine.unity
Canvas/PauseMenu/Pause
language",,暂停,PAUSE,一時停止,일시정지,暂停
lang_b6515435,,,"Assets/_StripCasino/Scenes/Spine.unity
Canvas/PauseMenu/BackMenu/Text (Legacy)
language",,返回主選單,Return to Title,タイトルへ戻る,타이틀로 돌아가기,返回主菜单
lang_99fa22c9,,,"Assets/_StripCasino/Scenes/Spine.unity
Canvas/PauseMenu/Title_Setting_BGM/Text (Legacy) (1)
language",,BGM,BGM,BGM,BGM,BGM
lang_513c402c,,,"Assets/_StripCasino/Scenes/Spine.unity
Canvas/PauseMenu/Title_Setting_SE/Text (Legacy) (2)
language",,効果音,Sound Effect,効果音,효과음,效果音
lang_d8eab1e4,,,"Assets/_StripCasino/Scenes/Spine.unity
Canvas/PauseMenu/Title_Setting_Voice/Text (Legacy) (2)
language",,語音,Voice,ボイス,보이스,语音
lang_bc3c4576,,,"Assets/_StripCasino/Prefabs/AVG.prefab
AVG/Black_Half/Skip/Text (Legacy) (1)
language",,跳過,Skip,スキップ,스킵,跳过
lang_cac9db3b,,,"Assets/_StripCasino/Prefabs/AVG.prefab
AVG/Name/Text_Me
language",,我,Me,わたし,나,我
lang_aec03d17,,,"Assets/_StripCasino/Prefabs/AVG.prefab
AVG/Name/Text_Anto
language",,安托,Anto,アント,안토,安托
lang_77cde019,,,"Assets/_StripCasino/Prefabs/AVG.prefab
AVG/Name/Text_Hetty
language",,赫蒂,Hetty,ヘティ,헤티,赫蒂
lang_a8f52203,,,"Assets/_StripCasino/Prefabs/AVG.prefab
AVG/Name/Text_Alice
language",,愛麗絲,Alice,アリス,앨리스,爱丽丝
lang_c0804517,,,"Assets/_StripCasino/Prefabs/AVG.prefab
AVG/Name/Text_BlackMarketer
language",,黑市商人,BlackMarketer,闇商人,암시장 상인,黑市商人
lang_5cbcfc1e,,,"Assets/_StripCasino/Prefabs/AVG.prefab
AVG/Name/Text_NPC_1
language",,隊友,Mate,メンバー,팀원,队友
lang_63d7caa1,,,"Assets/_StripCasino/Prefabs/AVG.prefab
AVG/Name/Text_NPC_2
language",,隊友,Mate,メンバー,팀원,队友
lang_0dec1211,,,"Assets/_StripCasino/Prefabs/Item.prefab
Item/Buy/Text (Legacy) (1)
language",,購買,Buy,購入,구매,购买
lang_b79a6bf5,,,"Assets/_StripCasino/Prefabs/TutorialPanel.prefab
TutorialPanel/Title_Setting/All/BasicRule/Text (Legacy)
language",,基本規則(Basic Rules),Basic Rules, 基本ルール (Basic Rules),기본 규칙(Basic Rules),基本规则(Basic Rules)
lang_208edb14,,,"Assets/_StripCasino/Prefabs/TutorialPanel.prefab
TutorialPanel/Title_Setting/All/DoubleDown/Text (Legacy)
language",,加倍（Double Down）,Double Down,ダブル（Double Down）,더블 다운 (Double Down),加倍（Double Down）
lang_0e89111d,,,"Assets/_StripCasino/Prefabs/TutorialPanel.prefab
TutorialPanel/Title_Setting/All/Insurance/Text (Legacy)
language",,保險（Insurance）,Insurance,インシュランス（Insurance）,인슈어런스 (Insurance),保险（Insurance）
lang_7cb3de99,,,"Assets/_StripCasino/Prefabs/TutorialPanel.prefab
TutorialPanel/Title_Setting/All/Split/Text (Legacy)
language",,分牌（Split）,Split,スプリット（Split）,스플릿 (Split),分牌（Split）
lang_7e64d767,,,"Assets/_StripCasino/Prefabs/TutorialPanel.prefab
TutorialPanel/Title_Setting/All/Introduce_Anto/Text (Legacy)
language",,安托（Anto）,Anto,アンバー（Anto）,앰버 (Anto),安托（Anto）
lang_4ab63075,,,"Assets/_StripCasino/Prefabs/TutorialPanel.prefab
TutorialPanel/Title_Setting/All/Introduce_Hetty/Text (Legacy)
language",,赫蒂（Hetty）,Hetty,ヘディー（Hetty）,헤디 (Hetty),赫蒂（Hetty）
lang_644ec62b,,,"Assets/_StripCasino/Prefabs/TutorialPanel.prefab
TutorialPanel/Title_Setting/All/Introduce_Alice/Text (Legacy)
language",,愛麗絲（Alice）,Alice,アリス（Alice）,앨리스 (Alice),爱丽丝（Alice）
lang_d765575e,,,"Assets/_StripCasino/Prefabs/TutorialPanel.prefab
TutorialPanel/Title_Setting/All/Item/Text (Legacy)
language",,道具戰術,Item Tactics,アイテム戦術,아이템 전술,道具战术
lang_5acc7629,,,"Assets/_StripCasino/Prefabs/TutorialPanel.prefab
TutorialPanel/Title_Setting/BasicRule/Context/Text (Legacy)
language",,起初，玩家和莊家（女主角）各發2張牌。玩家的牌全公開，莊家有一張牌是蓋着的。 玩家可以選擇“要牌（Hit）”或“停牌（Stand）”。  要牌：加1張牌，讓總點數接近21點。<color=red>但如果總點數超過22點，即爆牌（輸）。</color> 停牌：停止加牌，轉到莊家回合。  莊家<color=red>總點數低於17點必須繼續要牌</color>。達到17點以上自動停牌。 最終，<color=red>未爆牌且點數最接近21點的一方獲勝</color>！（正好21點為黑傑克，特別獎勵）  勝出時，莊家（女主角）<color=red>脫一件衣服，觸發專用CG或台詞</color>。 輸掉時，玩家<color=red>收到挑釁台詞或懲罰CG</color>。  右上方的條是女主角的“生命槽”。獲勝次數增加，女主角衣服減少， <color=red>最終完全脫衣進入專用色情CG事件</color>。,"At the start, both the player and the dealer (heroine) are dealt 2 cards each. The player's cards are all face-up, while the dealer has one card face-down. The player can choose to ""Hit"" or ""Stand"".  Hit: Draw 1 more card to get your total closer to 21. <color=red>But if your total exceeds 22, you bust (lose).</color> Stand: Stop drawing cards and pass the turn to the dealer.  The dealer must <color=red>draw cards if their total is under 17</color>. They stand automatically at 17 or higher. In the end, <color=red>the one closest to 21 without busting wins</color>! (Exactly 21 is Blackjack for a special bonus.)  If you win, the dealer (heroine) <color=red>removes one piece of clothing, triggering special CG or dialogue</color>. If you lose, you get <color=red>taunting dialogue or penalty CG</color>.  The bar at the top right is the heroine's ""life gauge"". As you win more, her clothes decrease, <color=red>leading to full nudity and exclusive erotic CG events</color>.",最初に、プレイヤーとディーラー（ヒロイン）にそれぞれ2枚のカードが配られます。プレイヤーのカードはすべてオープン、ディーラーは1枚が伏せられています。 プレイヤーは「ヒット（Hit）」または「スタンド（Stand）」を選択できます。  ヒット：カードを1枚追加し、手札の合計を21点に近づけます。<color=red>ただし、合計が22点以上になるとバースト（負け）です。</color> スタンド：追加カードを止めて、ディーラーのターンに移ります。  ディーラーは<color=red>合計が17点未満なら必ずカードを引く</color>ルールでプレイします。17点以上になると自動的にスタンド。 最終的に、<color=red>バーストせずに21点に近い方が勝利</color>！（21点ちょうどはブラックジャックで特別ボーナス）  勝てばディーラー（ヒロイン）は<color=red>服を1枚脱ぎ、専用CGやセリフが発生</color>。 負ければプレイヤーが<color=red>挑発セリフや罰ゲームCGを受けます</color>。  右上のバーはヒロインの“ライフゲージ”。勝利を重ねるごとにヒロインの衣装が減り、 <color=red>最終的に完全に脱衣して専用エロCGイベントへ進みます</color>。,"처음에 플레이어와 딜러(히로인)에게 각각 2장의 카드가 분배됩니다. 플레이어의 카드는 모두 공개되며, 딜러는 한 장이 가려져 있습니다. 플레이어는 ""히트(Hit)"" 또는 ""스탠드(Stand)""를 선택할 수 있습니다.  히트: 카드를 1장 더 뽑아 총점을 21점에 가깝게 합니다. <color=red>하지만 총점이 22점 이상이 되면 버스트(패배)합니다.</color> 스탠드: 카드 뽑기를 멈추고 딜러의 차례로 넘깁니다.  딜러는 <color=red>총점이 17점 미만이면 반드시 카드를 뽑아야 합니다</color>. 17점 이상이 되면 자동으로 스탠드. 최종적으로, <color=red>버스트하지 않고 21점에 가장 가까운 쪽이 승리</color>! (정확히 21점은 블랙잭으로 특별 보너스)  이기면 딜러(히로인)가 <color=red>옷을 한 벌 벗으며, 전용 CG나 대사가 발생</color>. 지면 플레이어가 <color=red>도발 대사나 벌칙 CG를 받습니다</color>.  오른쪽 위의 바는 히로인의 ""라이프 게이지"". 승리를 쌓을수록 히로인의 옷이 줄어들며, <color=red>최종적으로 완전 탈의하여 전용 에로 CG 이벤트로 진행됩니다</color>.",起初，玩家和庄家（女主角）各发2张牌。玩家的牌全公开，庄家有一张牌是盖着的。 玩家可以选择“要牌（Hit）”或“停牌（Stand）”。  要牌：加1张牌，让总点数接近21点。<color=red>但如果总点数超过22点，即爆牌（输）。</color> 停牌：停止加牌，转到庄家回合。  庄家<color=red>总点数低于17点必须继续要牌</color>。达到17点以上自动停牌。 最终，<color=red>未爆牌且点数最接近21点的一方获胜</color>！（正好21点为黑杰克，特别奖励）  胜出时，庄家（女主角）<color=red>脱一件衣服，触发专用CG或台词</color>。 输掉时，玩家<color=red>收到挑衅台词或惩罚CG</color>。  右上方的条是女主角的“生命槽”。获胜次数增加，女主角衣服减少， <color=red>最终完全脱衣进入专用色情CG事件</color>。
lang_9196953a,,,"Assets/_StripCasino/Prefabs/TutorialPanel.prefab
TutorialPanel/Title_Setting/BasicRule/Title/Text (Legacy)
language",,基本規則,Basic Rules,基本ルール,기본 규칙,基本规则
lang_4620fc50,,,"Assets/_StripCasino/Prefabs/TutorialPanel.prefab
TutorialPanel/Title_Setting/DoubleDown/Context/Text (Legacy)
language",,玩家的前2張牌總點數為<color=red>9～11點</color>時，“加倍（Double Down）”選項解鎖。 <color=red>下注翻倍，只加1張牌後自動停牌</color>。  勝出<color=red>獎勵翻倍</color>（女主角脫衣加速！） 輸掉<color=red>損失翻倍</color>（懲罰CG風險增加）。 高風險高回報的策略。<color=red>手牌強時值得一試！</color>,"When the player's initial 2 cards total <color=red>9-11 points</color>, the ""Double Down"" option unlocks. <color=red>Double your bet, draw only 1 more card, then auto-stand</color>.  Win: <color=red>Double rewards</color> (heroine strips faster!) Lose: <color=red>Double losses</color> (higher risk of penalty CG). High-risk, high-reward strategy. <color=red>Aim for it with strong hands!</color>",プレイヤーの最初の2枚の合計が<color=red>9～11点</color>の場合、「ダブル」オプションが解放されます。 <color=red>ベットを2倍にし、1枚だけ追加カードを引いた後、自動的にスタンド</color>。  勝てば<color=red>報酬2倍</color>（ヒロインの脱衣加速！） 負ければ<color=red>損失2倍</color>（罰ゲームCGのリスク増）。 高リスク・高リターンの戦略です。<color=red>手札が強い時に狙おう！</color>,"플레이어의 처음 2장 카드 총점이 <color=red>9~11점</color>일 때, ""더블 다운(Double Down)"" 옵션이 해제됩니다. <color=red>베팅을 2배로 하고, 1장만 추가 카드를 뽑은 후 자동 스탠드</color>.  이기면 <color=red>보상 2배</color> (히로인 탈의 가속!) 지면 <color=red>손실 2배</color> (벌칙 CG 위험 증가). 고위험 고수익 전략. <color=red>강한 패일 때 노려보세요!</color>",玩家的前2张牌总点数为<color=red>9～11点</color>时，“加倍（Double Down）”选项解锁。 <color=red>下注翻倍，只加1张牌后自动停牌</color>。  胜出<color=red>奖励翻倍</color>（女主角脱衣加速！） 输掉<color=red>损失翻倍</color>（惩罚CG风险增加）。 高风险高回报的策略。<color=red>手牌强时值得一试！</color>
lang_1646cb1f,,,"Assets/_StripCasino/Prefabs/TutorialPanel.prefab
TutorialPanel/Title_Setting/DoubleDown/Title/Text (Legacy)
language",,加倍,Double Down,ダブル,더블 다운,加倍
lang_2b95a4a1,,,"Assets/_StripCasino/Prefabs/TutorialPanel.prefab
TutorialPanel/Title_Setting/Insurance/Context/Text (Legacy)
language",,荷官明牌為A時，可選擇是否購買保險。 保險金額：原下注金額的一半額外支付 ・若荷官為BJ → <color=red>保險以2:1賠付（本金＋利潤）</color> → <color=red>主注雖輸但總計持平（不虧）</color> ・若非BJ → <color=red>僅損失保險金（-一半）</color> → 繼續正常對局 <color=red>荷官BJ機率約30.8%</color>，不BJ的機率較高（<color=red>約69%</color>）,"When the dealer's upcard is A, you can choose to take Insurance. Insurance bet: Half of your original bet (added) ・If dealer has Blackjack (BJ) → <color=red>Insurance pays 2:1 (stake + profit)</color> → <color=red>Main bet loses but overall net 0 (break even)</color> ・If no BJ → <color=red>Only lose the insurance amount (-half)</color> → Main hand continues normally <color=red>Dealer has BJ ~30.8% of the time</color>, no BJ is more likely (<color=red>~69%</color>)",ディーラーの表向きカードがAの場合、保険を選択できます。 保険金額：ベットの半分を追加で支払い ・ディーラーがBJの場合 → <color=red>保険が2:1で払い戻し（本金＋利益）</color> → <color=red>メイン賭けは負けてもトータル0（損なし）</color> ・BJでない場合 → <color=red>保険分だけ失う（-半分）</color> → 通常の勝負続行 <color=red>BJになる確率は約30.8%</color>、しない確率の方が高い（<color=red>約69%</color>）,"딜러의 오픈 카드가 A일 때, 보험(Insurance)을 선택할 수 있습니다. 보험 금액: 원래 베팅의 절반을 추가 지불 ・딜러가 블랙잭(BJ)일 경우 → <color=red>보험 2:1 지급 (보험금 + 이익)</color> → <color=red>메인 베팅은 지지만 전체적으로 0 (손해 없음)</color> ・BJ가 아닐 경우 → <color=red>보험금만 잃음 (-절반)</color> → 일반 게임 계속 진행 <color=red>딜러 BJ 확률 약 30.8%</color>, BJ 아닌 확률이 더 높음 (<color=red>약 69%</color>)",荷官明牌为A时，可选择是否购买保险。 保险金额：原下注金额的一半额外支付 ・若荷官为BJ → <color=red>保险以2:1赔付（本金＋利润）</color> → <color=red>主注虽输但总计持平（不亏）</color> ・若非BJ → <color=red>仅损失保险金（-一半）</color> → 继续正常对局 <color=red>荷官BJ概率约30.8%</color>，不BJ的概率更高（<color=red>约69%</color>）
lang_40e41ae2,,,"Assets/_StripCasino/Prefabs/TutorialPanel.prefab
TutorialPanel/Title_Setting/Insurance/Title/Text (Legacy)
language",,保險,Insurance,インシュランス,인슈어런스,保险
lang_4a80fcad,,,"Assets/_StripCasino/Prefabs/TutorialPanel.prefab
TutorialPanel/Title_Setting/Split/Context/Text (Legacy)
language",,相同數字的牌（例：8+8、Q+Q）出現時，可選的特別規則。 <color=red>將手牌分成2份，各自獨立玩</color>。  <color=red>支付額外下注</color>，各自選擇“要牌/停牌”。 兩份都勝<color=red>獎勵2倍</color>（脫衣機會增！） 輸掉<color=red>損失2倍</color>。 體驗版<color=red>僅限一次分割</color>。<color=red>相同數字對子強時有效</color>！,"Special rule when you get a pair of the same rank (e.g., 8+8, Q+Q). <color=red>Split your hand into 2 separate hands, played independently</color>.  <color=red>Pay an additional bet</color>, then Hit/Stand on each. Win both: <color=red>Double rewards</color> (more stripping chances!) Lose: <color=red>Double losses</color>. In the demo, <color=red>limited to one split per hand</color>. <color=red>Effective with strong pairs!</color>",同じ数字のカード（例：8＋8、Q＋Q）が来た場合に選べる特別ルール。 <color=red>手札を2つに分け、それぞれ独立してプレイ</color>。  <color=red>追加ベットを支払い</color>、それぞれ「ヒット／スタンド」を選べます。 2つとも勝てば<color=red>報酬2倍</color>（脱衣チャンス増！） 負ければ<color=red>損失2倍</color>。 体験版では<color=red>一度だけ分割可能</color>。<color=red>同じ数字のペアが強い時に有効</color>！,"같은 숫자의 카드(예: 8+8, Q+Q)가 올 때 선택 가능한 특별 규칙. <color=red>패를 2개로 나누어 각각 독립적으로 플레이</color>.  <color=red>추가 베팅 지불</color>, 각각 ""히트/스탠드"" 선택. 둘 다 이기면 <color=red>보상 2배</color> (탈의 기회 증가!) 지면 <color=red>손실 2배</color>. 체험판에서는 <color=red>한 번만 분할 가능</color>. <color=red>같은 숫자 페어가 강할 때 유효</color>!",相同数字的牌（例：8+8、Q+Q）出现时，可选的特别规则。 <color=red>将手牌分成2份，各自独立玩</color>。  <color=red>支付额外下注</color>，各自选择“要牌/停牌”。 两份都胜<color=red>奖励2倍</color>（脱衣机会增！） 输掉<color=red>损失2倍</color>。 体验版<color=red>仅限一次分割</color>。<color=red>相同数字对子强时有效</color>！
lang_a6df1406,,,"Assets/_StripCasino/Prefabs/TutorialPanel.prefab
TutorialPanel/Title_Setting/Split/Title/Text (Legacy)
language",,分牌,Split,スプリット,스플릿,分牌
lang_eeae097b,,,"Assets/_StripCasino/Prefabs/TutorialPanel.prefab
TutorialPanel/Title_Setting/Introduce_Anto/Context/Text (Legacy)
language",,安托（Anto）：混沌隨機型女荷官 安托的<color=red>反制槽中等</color>，但增加數量<color=red>完全隨機</color>。 玩家使用物品時，安托不反制而是<color=red>偷取並逆向使用</color>（玩家+1 → 女荷官+1）。 從而導致<color=red>局面大亂</color>！可能對玩家有利也可能有害。 例：<color=red>玩家+5變成女荷官+5，女荷官爆牌逆轉勝</color>。 安托會用<color=red>幸運幣・厄運幣</color>微調數值，以微弱優勢獲勝。,"Amber (Anto): Chaotic Random Dealer Amber's <color=red>counter gauge is medium</color>, but the increase amount is <color=red>completely random</color>. When the player uses an item, Amber doesn't counter but <color=red>steals and uses it in reverse</color> (Player +1 → Dealer +1). This causes <color=red>total chaos</color>! It can benefit or harm the player. Example: <color=red>Player +5 becomes Dealer +5, causing dealer bust for a comeback win</color>. Amber uses <color=red>Lucky Coin / Unlucky Coin</color> to fine-tune her score and win by a slim margin.",アンバー（Anto）：混沌ランダム型ディーラー アンバーの<color=red>反制ゲージは中程度</color>、しかし増加量は<color=red>完全にランダム</color>。 プレイヤーがアイテム使用時、アンバーは反制せず<color=red>盗んで逆効果で使用</color>（プレイヤー+1 → ディーラー+1）。 これにより<color=red>局面が大混乱</color>！プレイヤーに有益な場合も有害な場合も。 例：<color=red>プレイヤー+5がディーラー+5になり、ディーラーバーストで逆転勝利</color>。 アンバーは<color=red>幸運コイン・不運コイン</color>などで数値を微調整し、僅差で勝利を掴む。 ,"앰버 (Anto): 혼돈 랜덤형 딜러 앰버의 <color=red>반제 게이지 중간</color>, 하지만 증가량은 <color=red>완전 랜덤</color>. 플레이어가 아이템 사용 시, 앰버는 반제하지 않고 <color=red>훔쳐 역효과로 사용</color> (플레이어 +1 → 딜러 +1). 이로 인해 <color=red>상황이 대혼란</color>! 플레이어에게 이로울 수도 해로울 수도. 예: <color=red>플레이어 +5가 딜러 +5로 바뀌어 딜러 버스트로 역전승</color>. 앰버는 <color=red>행운 코인 / 불운 코인</color>으로 수치를 미세 조정해 근소한 차이로 승리.",安托（Anto）：混乱随机型女荷官 安托的<color=red>反制槽中等</color>，但增加数量<color=red>完全随机</color>。 玩家使用物品时，安托不反制而是<color=red>偷取并逆向使用</color>（玩家+1 → 女荷官+1）。 从而导致<color=red>局面大乱</color>！可能对玩家有利也可能有害。 例：<color=red>玩家+5变成女荷官+5，女荷官爆牌逆转胜</color>。 安托会用<color=red>幸运币・厄运币</color>微调数值，以微弱优势获胜。
lang_8edc9f78,,,"Assets/_StripCasino/Prefabs/TutorialPanel.prefab
TutorialPanel/Title_Setting/Introduce_Anto/Title/Text (Legacy)
language",,安托,Anto,アンバー,앰버,安托
lang_6828da89,,,"Assets/_StripCasino/Prefabs/TutorialPanel.prefab
TutorialPanel/Title_Setting/Introduce_Hetty/Context/Text (Legacy)
language",,赫蒂（Hetty）：主動進攻型女荷官 赫蒂的<color=red>反制槽愛心不多</color>，但<color=red>恢復非常頻繁</color>。 赫蒂會用<color=red>藏寶圖殘片・均衡天平</color>等控制點數道具，確保每局獲勝。 玩家使用占卜類道具+要牌時，<color=red>赫蒂用匕首等替換玩家牌</color>。 大注對決時，<color=red>容易觸發赫蒂用道具，最好情況也強制平局</color>。,"Hetty: Aggressive Offensive Dealer Hedy's <color=red> counter gauge has few hearts</color>, but <color=red>recovers very frequently</color>. Hedy uses <color=red>Treasure Map Fragment / Balance Scale</color> to control points and win every round. When player uses divination items + Hit, <color=red>Hedy replaces player's cards with dagger etc.</color>. Big bet showdowns <color=red>easily trigger her items, best case forced draw</color>.",ヘディー（Hetty）：積極攻撃型ディーラー ヘディーの<color=red>反制ゲージのハートは少ない</color>、しかし<color=red>回復が非常に頻繁</color>。 ヘディーは<color=red>宝の地図の欠片・均衡の天秤</color>などで点数をコントロールし、毎局勝利を狙う。 プレイヤーが占卜系アイテム使用＋ヒット時、<color=red>短剣などでプレイヤーのカードを置き換え</color>。 大ベット対決時、<color=red>ヘディーのアイテム使用を誘発しやすく、最良でも強制引き分け</color>。,"헤디 (Hetty): 적극 공격형 딜러 헤디의 <color=red> 반제 게이지 하트 적음</color>, 하지만 <color=red>회복 매우 빈번</color>. 헤디는 <color=red>보물 지도 조각 / 균형 천평</color> 등으로 점수 조절해 매 판 승리. 플레이어 점술 아이템 사용 + 히트 시, <color=red>헤디가 단검 등으로 플레이어 카드 교체</color>. 대 베팅 대결 시, <color=red>헤디 아이템 유발 쉬움, 최선도 강제 무승부</color>.",赫蒂（Hetty）：主动进攻型女荷官 赫蒂的<color=red>反制槽爱心不多</color>，但<color=red>恢复非常频繁</color>。 赫蒂会用<color=red>藏宝图残片・均衡天平</color>等控制点数道具，确保每局获胜。 玩家使用占卜类道具+要牌时，<color=red>赫蒂用匕首等替换玩家牌</color>。 大注对决时，<color=red>容易触发赫蒂用道具，最好情况也强制平局</color>。
lang_87785f9a,,,"Assets/_StripCasino/Prefabs/TutorialPanel.prefab
TutorialPanel/Title_Setting/Introduce_Hetty/Title/Text (Legacy)
language",,赫蒂,Hetty,ヘディー,헤디,赫蒂
lang_93b267bf,,,"Assets/_StripCasino/Prefabs/TutorialPanel.prefab
TutorialPanel/Title_Setting/Introduce_Alice/Context/Text (Legacy)
language",,愛麗絲（Alice）：防守反擊型女荷官 愛麗絲的<color=red>安心反制槽愛心比其他女荷官多</color>，但<color=red>恢復速度慢</color>。 愛麗絲<color=red>只使用回血道具</color>，玩家使用道具或停牌時會<color=red>反覆回血</color>。 愛麗絲<color=red>可能一直輸</color>，但玩家<color=red>始終無法擊敗她</color>，只會逐漸被<color=red>拖入賭局沼澤，慢慢耗乾金幣</color>。 ,"Alice: Defensive Counter-Attack Dealer Alice has <color=red>more hearts in her safe counter gauge than other dealers</color>, but <color=red>recovery is slow</color>. Alice <color=red>only uses healing items</color>, repeatedly healing when the player uses items or stands. Alice <color=red>may keep losing</color>, but the player <color=red>can never truly defeat her</color>, slowly getting <color=red>dragged into the gambling swamp and drained of gold coins</color>.",アリス（Alice）：防御反撃型ディーラー アリスの<color=red>反制ゲージのハートは他のディーラーより多い</color>、しかし<color=red>回復速度は遅い</color>。 アリスは<color=red>回復系アイテムしか使わず</color>、プレイヤーがアイテム使用やスタンド時に<color=red>繰り返し回復</color>を行う。 アリスは<color=red>ずっと負け続ける可能性が高い</color>が、プレイヤーは<color=red>決して倒せず</color>、徐々に<color=red>賭けの沼に引きずり込まれ、金貨をゆっくり枯渇させる</color>。,"앨리스 (Alice): 방어 반격형 딜러 앨리스의 <color=red>안심 반제 게이지 하트가 다른 딜러보다 많음</color>, 하지만 <color=red>회복 속도는 느림</color>. 앨리스는 <color=red>회복 아이템만 사용</color>, 플레이어가 아이템 사용이나 스탠드 시 <color=red>반복 회복</color>.앨리스는 <color=red>계속 질 가능성이 높음</color>이지만, 플레이어는 <color=red>절대 쓰러뜨릴 수 없고</color>, 점점 <color=red>도박의 늪에 끌려들어가 금화를 서서히 고갈</color>.",爱丽丝（Alice）：防守反击型女荷官 爱丽丝的<color=red>安心反制槽爱心比其他女荷官多</color>，但<color=red>恢复速度慢</color>。 爱丽丝<color=red>只使用回血道具</color>，玩家使用道具或停牌时会<color=red>反复回血</color>。 爱丽丝<color=red>可能一直输</color>，但玩家<color=red>始终无法击败她</color>，只会逐渐被<color=red>拖入赌局沼泽，慢慢耗干金币</color>。 
lang_b1c03814,,,"Assets/_StripCasino/Prefabs/TutorialPanel.prefab
TutorialPanel/Title_Setting/Introduce_Alice/Title/Text (Legacy)
language",,愛麗絲,Alice,アリス,앨리스,爱丽丝
lang_102ca60e,,,"Assets/_StripCasino/Prefabs/TutorialPanel.prefab
TutorialPanel/Title_Setting/Item/Context/GameObject/Context_1/Text (Legacy)
language",,【空瓶】/【白棋子】：令女荷官直接爆牌,【Empty Bottle】/【White Go Stone】：Force dealer to bust directly,【 空き瓶】/【白い駒】：ディーラーを直接バーストさせる,【빈병】/【백돌】：여성 딜러를 직접 버스트 시킴,【空瓶】/【白棋子】：令女荷官直接爆牌
lang_892b8105,,,"Assets/_StripCasino/Prefabs/TutorialPanel.prefab
TutorialPanel/Title_Setting/Item/Context/GameObject/Context_2/Text (Legacy)
language",,【魔眼石】/【占卜水晶】/【透視藥水】：清場,【Demon Eye Stone】/【Divination Crystal】/【Clairvoyance Potion】：Clear the table,【魔眼石】/【占い水晶】/【透視の薬】：場をクリアにする,【마안석】/【점괘 수정】/【투시 약수】：필드 클리어,【魔眼石】/【占卜水晶】/【透视药水】：清场
lang_9e12e3c0,,,"Assets/_StripCasino/Prefabs/TutorialPanel.prefab
TutorialPanel/Title_Setting/Item/Context/GameObject/Context_3/Text (Legacy)
language",,清場後【匕首】/【魔眼藥水】＋抓牌：想要的牌到自己，不利的牌到對方,"After clear + 【Dagger】/【Demon Eye Potion】＋Draw：Desired card to self, bad card to opponent",場クリア後【短剣】/【魔眼薬水】＋ヒット：欲しい牌を自分に、不利な牌を相手に,"클리어 후 【단검】/【마안 약수】＋드로우：원하는 패는 자신에게, 불리한 패는 상대에게",清场后【匕首】/【魔眼药水】＋抓牌：想要的牌到自己，不利的牌到对方
lang_173b8537,,,"Assets/_StripCasino/Prefabs/TutorialPanel.prefab
TutorialPanel/Title_Setting/Item/Context/GameObject/Context_4/Text (Legacy)
language",,【幸運幣】/【厄運幣】等：微調玩家點數,【Lucky Coin】/【Unlucky Coin】etc.：Fine-tune player's score,【幸運のコイン】/【厄運コイン】など：プレイヤーの点数を微調整,【행운 코인】/【불운 코인】등：플레이어 점수 미세 조정,【幸运币】/【厄运币】等：微调玩家点数
lang_dca126aa,,,"Assets/_StripCasino/Prefabs/TutorialPanel.prefab
TutorialPanel/Title_Setting/Item/Context/GameObject/Context_5/Text (Legacy)
language",,【均衡徽章】：強制平局挽回損失 / 搭配【藏寶圖殘片】大膽要牌,【Balance Badge】：Force a push to avoid loss / Pair with 【Treasure Map Fragment】for bold hit,【均衡のバッジ】：強制引き分けで損失を回避  / 【宝の地図の断片】と併用で大胆にヒット,【균형 휘장】：강제 무승부로 손실 회복 / 【보물 지도 조각】과 함께 대담 히트,【均衡徽章】：强制平局挽回损失 / 搭配【藏宝图残片】大胆要牌
lang_8dc1b351,,,"Assets/_StripCasino/Prefabs/TutorialPanel.prefab
TutorialPanel/Title_Setting/Item/Context/GameObject/Context_6/Text (Legacy)
language",,穩贏局面下【皇室家徽】：擴大優勢,Stable win → 【Imperial Crest】：Expand advantage,安定勝利時【王室家紋】：優勢を拡大,안정 승리 시 【황실 가문 휘장】：우위 확대,稳赢局面下【皇室家徽】：扩大优势
lang_f8ce5bdd,,,"Assets/_StripCasino/Prefabs/TutorialPanel.prefab
TutorialPanel/Title_Setting/Item/Title/Text (Legacy)
language",,道具戰術,Item Tactics,アイテム戦術,아이템 전술,道具战术
